"taxon","lfc_groupdiet_1_visit_2","se_groupdiet_1_visit_2","W_groupdiet_1_visit_2","p_groupdiet_1_visit_2","q_groupdiet_1_visit_2","diff_groupdiet_1_visit_2","passed_ss_groupdiet_1_visit_2"
"Candidatus_Allobutyricicoccus_pentlandensis",-1.91361858569403,0.28111861235232,-6.8071571984559,0.00187134110422513,0.508069109797122,FALSE,FALSE
"Leuconostoc_pseudomesenteroides",0.664195211088543,0.162838982148678,4.07884649194201,0.00182377584688302,0.508069109797122,FALSE,FALSE
"Alistipes_SGB2313",-0.533126734703914,0.229576108579148,-2.32222219465017,0.103153621345565,0.899630934769719,FALSE,TRUE
"Anaerofilum_sp_BX8",-0.531433543763558,0.388157401604252,-1.36911866569373,0.197722768008513,0.899630934769719,FALSE,TRUE
"Bacteroides_caccae",-0.428070151151261,0.292763307010933,-1.46217145694175,0.161148425133719,0.899630934769719,FALSE,TRUE
"Bacteroides_faecis",-0.391606208352414,0.275667423010933,-1.42057485093871,0.178979023734967,0.899630934769719,FALSE,TRUE
"Blautia_glucerasea",-0.609137538945992,0.282413692627162,-2.15689803592549,0.0424213047588514,0.899630934769719,FALSE,FALSE
"Blautia_hydrogenotrophica",-0.714866204004869,0.471312996502574,-1.51675470294604,0.159854738170701,0.899630934769719,FALSE,TRUE
"Blautia_massiliensis",0.474170639611592,0.265935819557765,1.78302659792166,0.0871289750642611,0.899630934769719,FALSE,TRUE
"Blautia_producta",-0.682391463536601,0.311118698073532,-2.19334764436215,0.0573378000146219,0.899630934769719,FALSE,TRUE
"Butyricimonas_paravirosa",-0.495980352140967,0.34440044036648,-1.44012693948123,0.178071634264656,0.899630934769719,FALSE,TRUE
"Candidatus_Aristotella_avistercoris",0.365746226776581,0.184854655849628,1.97856107597366,0.142897020915507,0.899630934769719,FALSE,TRUE
"Candidatus_Cibionibacter_quicibialis",-0.439978711543606,0.231241523205792,-1.90268038994039,0.0671969737855708,0.899630934769719,FALSE,TRUE
"Candidatus_Metaruminococcus_gallistercoris",1.75600917152295,0.38078060076132,4.61160355336391,0.010018572387106,0.899630934769719,FALSE,FALSE
"Candidatus_Neoclostridium_roslinense",-1.4483180490452,0.353161985230899,-4.10100211691324,0.0255072449775468,0.899630934769719,FALSE,FALSE
"Candidatus_Pararuminococcus_gallinarum",-0.544108471409101,0.294036443724689,-1.85047970420483,0.0788337411137214,0.899630934769719,FALSE,TRUE
"Candidatus_Pseudoscilispira_faecavium",-1.37076872375051,0.746620522994928,-1.83596443110341,0.153400936743769,0.899630934769719,FALSE,TRUE
"Candidatus_Woodwardibium_SGB14954",-0.636526537840732,0.424900383148547,-1.49806063511644,0.1826816965284,0.899630934769719,FALSE,TRUE
"Christensenella_hongkongensis",-1.07847659893609,0.463953500684319,-2.32453596609438,0.0895645226372965,0.899630934769719,FALSE,TRUE
"Christensenellaceae_bacterium_NSJ_63",-0.470101430145629,0.286333415468894,-1.64179730603849,0.114449048544012,0.899630934769719,FALSE,TRUE
"Citrobacter_SGB6486",-1.61381937894521,1.14861561302348,-1.4050125739604,0.202807720383675,0.899630934769719,FALSE,TRUE
"Clostridia_bacterium_UC5_1_1D1",-0.448988957728492,0.293363166708046,-1.53048851621964,0.138771535945984,0.899630934769719,FALSE,TRUE
"Clostridiaceae_bacterium_AF18_31LB",0.413750249436413,0.241151485425584,1.71572755899151,0.0969486441044925,0.899630934769719,FALSE,TRUE
"Clostridiales_bacterium_KLE1615",-0.752193757700962,0.260323204511012,-2.88946104176104,0.00746600144798474,0.899630934769719,FALSE,FALSE
"Clostridiales_bacterium_NSJ_40",-0.516353014925661,0.361130017746392,-1.4298257955623,0.180543226703889,0.899630934769719,FALSE,TRUE
"Clostridium_leptum",-0.382174966246712,0.277100848550727,-1.37919089113417,0.176966930192253,0.899630934769719,FALSE,TRUE
"Clostridium_methylpentosum",-0.532170823416259,0.380822311112489,-1.39742553912253,0.206794724315785,0.899630934769719,FALSE,TRUE
"Clostridium_SGB4909",-1.51509772256778,0.730000918921824,-2.0754737196845,0.0681973445234325,0.899630934769719,FALSE,FALSE
"Clostridium_SGB6179",-1.17809027538387,0.596775020283329,-1.97409448341947,0.150654689615452,0.899630934769719,FALSE,TRUE
"Clostridium_sp_AF34_13",0.985689076201577,0.517728476631265,1.90387262955907,0.0730393592279947,0.899630934769719,FALSE,TRUE
"Clostridium_sp_AM33_3",0.699858274044352,0.313054011595538,2.23558315217682,0.0370009151869011,0.899630934769719,FALSE,FALSE
"Clostridium_sp_AM49_4BH",-0.71082965888357,0.447826999919222,-1.58728629361737,0.128683608857651,0.899630934769719,FALSE,TRUE
"Clostridium_spiroforme",-0.551188008302619,0.323229115246966,-1.7052548248368,0.11356033327704,0.899630934769719,FALSE,TRUE
"Clostridium_symbiosum",-0.555456983501445,0.357378355057536,-1.55425468733835,0.166597686975313,0.899630934769719,FALSE,TRUE
"Collinsella_intestinalis",-0.879228481001128,0.376876932577365,-2.33293259682493,0.101875158464242,0.899630934769719,FALSE,TRUE
"Collinsella_SGB4121",-0.354532183431613,0.246493797082261,-1.43830062917687,0.170205154968457,0.899630934769719,FALSE,TRUE
"Coprobacillus_cateniformis",-1.23958548241692,0.644269198500637,-1.92401791875465,0.101782104874761,0.899630934769719,FALSE,TRUE
"Coprobacter_fastidiosus",-0.786819774415208,0.548196484875349,-1.43528788695921,0.174324513005692,0.899630934769719,FALSE,TRUE
"Dialister_invisus",0.353853502138705,0.253815538596075,1.39413648232873,0.182019628436448,0.899630934769719,FALSE,TRUE
"Eisenbergiella_massiliensis",-0.558418840537507,0.311311756194549,-1.79376085042074,0.103299861642841,0.899630934769719,FALSE,TRUE
"Enterocloster_aldenensis",-0.417957472429456,0.306501377548503,-1.36363978450086,0.201177339790343,0.899630934769719,FALSE,TRUE
"Enterocloster_lavalensis",0.674167392440467,0.409331011372119,1.64699808641566,0.125071965140608,0.899630934769719,FALSE,TRUE
"Eubacteriales_unclassified_SGB15145",-0.465384110222878,0.297245347477373,-1.56565649949594,0.177353694792311,0.899630934769719,FALSE,TRUE
"Eubacterium_SGB4961",0.540697424167529,0.282479594805975,1.9141114406473,0.12618509756015,0.899630934769719,FALSE,TRUE
"Eubacterium_SGB6276",0.879865158024491,0.471632831927085,1.86557232334605,0.0834387785063751,0.899630934769719,FALSE,TRUE
"Eubacterium_siraeum",-0.648529156383874,0.472727695342796,-1.37188737358321,0.185173575009185,0.899630934769719,FALSE,TRUE
"Eubacterium_sp_AF16_48",-0.453499479372221,0.28172252773139,-1.60973807463709,0.13270405045714,0.899630934769719,FALSE,TRUE
"Faecalicatena_fissicatena",-0.580044891052943,0.282220295485738,-2.05529120453442,0.0534465720563385,0.899630934769719,FALSE,TRUE
"Flavonifractor_plautii",-0.509624748156244,0.308446298405091,-1.65223168762732,0.111828527693564,0.899630934769719,FALSE,TRUE
"GGB10692_SGB17347",-0.632041825680586,0.312686972615935,-2.02132445874841,0.10880423267594,0.899630934769719,FALSE,TRUE
"GGB2653_SGB3574",-0.356660911038931,0.267461172521124,-1.33350537454465,0.194273881280014,0.899630934769719,FALSE,TRUE
"GGB2848_SGB3813",-0.657980366965962,0.345355076273352,-1.90522859564156,0.0987643503360695,0.899630934769719,FALSE,TRUE
"GGB2958_SGB3940",-0.441789839507171,0.208194120748602,-2.12200919948475,0.124232291003747,0.899630934769719,FALSE,TRUE
"GGB2980_SGB3962",-0.498121785552023,0.343030161361277,-1.45212241272103,0.168157463208472,0.899630934769719,FALSE,TRUE
"GGB2982_SGB3964",-0.58701324404767,0.396517247984279,-1.48042297537318,0.158146932216555,0.899630934769719,FALSE,TRUE
"GGB2998_SGB3989",-1.06481113942776,0.281592409743871,-3.78139148138362,0.0194124547749018,0.899630934769719,FALSE,FALSE
"GGB3034_SGB4030",-0.505016417713395,0.374483262189726,-1.3485687311107,0.195988081607207,0.899630934769719,FALSE,TRUE
"GGB3109_SGB4643",1.30976064382121,0.501102391055638,2.61375851961518,0.0519520502060532,0.899630934769719,FALSE,TRUE
"GGB3142_SGB4155",-0.675205307104804,0.294411145189981,-2.29340946542326,0.0591484030236843,0.899630934769719,FALSE,TRUE
"GGB33512_SGB15201",-1.92498067682225,0.820895391493626,-2.34497683477031,0.0625928155920411,0.899630934769719,FALSE,TRUE
"GGB3353_SGB4437",-1.22354717732178,0.616192665621285,-1.98565683362706,0.103824644887073,0.899630934769719,FALSE,TRUE
"GGB34797_SGB14322",-0.46053149349084,0.263026485542775,-1.75089399282547,0.102772804006027,0.899630934769719,FALSE,TRUE
"GGB3538_SGB4728",-0.986256978715285,0.494313894455958,-1.99520383662442,0.0624798981539061,0.899630934769719,FALSE,TRUE
"GGB3588_SGB4808",-0.290616816337208,0.194937916533687,-1.49081728944706,0.186600132712621,0.899630934769719,FALSE,TRUE
"GGB3612_SGB4882",-1.1247237764869,0.517850202607449,-2.17190950360502,0.0603093288099719,0.899630934769719,FALSE,TRUE
"GGB3677_SGB4990",-1.13732434145126,0.359688670493564,-3.16196876562898,0.0122793989825033,0.899630934769719,FALSE,FALSE
"GGB3746_SGB5089",-0.894432810534618,0.453991937731203,-1.97015130930406,0.0644327678219311,0.899630934769719,FALSE,TRUE
"GGB3815_SGB5180",-1.0085994313419,0.529966935510914,-1.90313652373342,0.0871095450217029,0.899630934769719,FALSE,TRUE
"GGB42994_SGB4746",-0.759629953061765,0.507621387046323,-1.49644985898209,0.196622129802226,0.899630934769719,FALSE,TRUE
"GGB4456_SGB6141",1.52995791213415,0.644403565025295,2.37422322775961,0.0312648428417279,0.899630934769719,FALSE,FALSE
"GGB4684_SGB6478",-0.766017843313827,0.485695766704637,-1.57715569256683,0.202597282465873,0.899630934769719,FALSE,TRUE
"GGB4745_SGB6571",2.01085725362046,0.853193506858837,2.35685953708642,0.0461840719251328,0.899630934769719,FALSE,FALSE
"GGB4769_SGB6602",1.41004263947303,0.786047066979299,1.79383996036227,0.171196865982249,0.899630934769719,FALSE,TRUE
"GGB58158_SGB79798",-0.441888366135708,0.29264397718831,-1.50998619681608,0.14258931534583,0.899630934769719,FALSE,TRUE
"GGB74802_SGB47402",-2.15559935012613,0.594747203157623,-3.6243959428168,0.0367266892823721,0.899630934769719,FALSE,FALSE
"GGB79630_SGB13983",1.16089724048332,0.319019247617008,3.63895673742236,0.164432476506532,0.899630934769719,FALSE,TRUE
"GGB9444_SGB14834",1.39658087728432,0.343403234492366,4.06688329348093,0.0152620114248979,0.899630934769719,FALSE,FALSE
"GGB9453_SGB14845",-1.01214612714332,0.449850710486797,-2.24996005018652,0.0708791415667943,0.899630934769719,FALSE,TRUE
"GGB9501_SGB14898",-1.0118514799171,0.560523160731994,-1.80519120493739,0.11696823725119,0.899630934769719,FALSE,TRUE
"GGB9512_SGB14909",-0.446296031631031,0.272916249197631,-1.63528567076212,0.200504516559162,0.899630934769719,FALSE,TRUE
"GGB9559_SGB14969",0.458426997630073,0.307461885805979,1.49100431238283,0.159821867965087,0.899630934769719,FALSE,TRUE
"GGB9602_SGB15028",-1.06406521642685,0.414814421005198,-2.56515965343818,0.0426116642743987,0.899630934769719,FALSE,FALSE
"GGB9635_SGB15106",-0.863271284655396,0.404930710961036,-2.13189877005516,0.0593385795521799,0.899630934769719,FALSE,TRUE
"GGB9640_SGB15115",-0.427155943099036,0.28323244155663,-1.50814624465831,0.182245698328608,0.899630934769719,FALSE,TRUE
"GGB9646_SGB15123",-0.609187691559577,0.410398178198683,-1.48438205606424,0.15994659467371,0.899630934769719,FALSE,TRUE
"GGB9691_SGB15198",0.617172799454961,0.424661146960671,1.45333003471617,0.196353392755158,0.899630934769719,FALSE,TRUE
"GGB9699_SGB15216",-0.490044030204396,0.376637462674461,-1.30110272813715,0.207097360674429,0.899630934769719,FALSE,TRUE
"GGB9719_SGB15273",-0.783694494370964,0.376566566193646,-2.08115792724932,0.083540946437659,0.899630934769719,FALSE,TRUE
"GGB9719_SGB53514",-0.493326241604586,0.257108433840992,-1.91874779926388,0.113110130559174,0.899630934769719,FALSE,TRUE
"GGB9758_SGB15368",-0.701631792404437,0.508958695433455,-1.37856332684697,0.188706969415037,0.899630934769719,FALSE,TRUE
"GGB9759_SGB15370",-0.785020176683139,0.452391881929216,-1.73526583486741,0.133380508455076,0.899630934769719,FALSE,TRUE
"GGB9774_SGB15394",-0.754752700751036,0.283556655189759,-2.66173509574638,0.0562884619042212,0.899630934769719,FALSE,TRUE
"GGB9781_SGB66170",-0.998997713221312,0.473006886685919,-2.11201515525641,0.0610287760429406,0.899630934769719,FALSE,TRUE
"Gordonibacter_urolithinfaciens",-0.672851400110163,0.330617524052588,-2.03513531848705,0.0691721824114261,0.899630934769719,FALSE,TRUE
"Holdemania_filiformis",-0.398483720868023,0.267854864639789,-1.48768521118294,0.157572321115492,0.899630934769719,FALSE,TRUE
"Intestinimonas_gabonensis",-0.903341465036381,0.340322456702776,-2.65436925258601,0.0295484022936138,0.899630934769719,FALSE,FALSE
"Lachnospira_eligens",-0.867236727204531,0.41667884519223,-2.08130731188055,0.0468114333052122,0.899630934769719,FALSE,FALSE
"Lachnospira_pectinoschiza",-0.938085615347872,0.563390582482672,-1.66507152323002,0.115186735607635,0.899630934769719,FALSE,TRUE
"Lacticaseibacillus_rhamnosus",1.00563334883801,0.681626338709918,1.47534402901937,0.166493882021462,0.899630934769719,FALSE,TRUE
"Lactobacillus_acidophilus",1.15700046383674,0.798535234102192,1.44890346026819,0.177486437546125,0.899630934769719,FALSE,TRUE
"Lawsonibacter_asaccharolyticus",-0.366785182607826,0.224384479904558,-1.63462812919966,0.111492063290483,0.899630934769719,FALSE,TRUE
"Lawsonibacter_sp_NSJ_51",0.898715582673116,0.526814335162136,1.70594367443802,0.122386423113067,0.899630934769719,FALSE,TRUE
"Massiliimalia_timonensis",-0.552751813286398,0.295280839229736,-1.87195286605218,0.076860143514689,0.899630934769719,FALSE,TRUE
"Merdibacter_massiliensis",-1.22543571469905,0.469493949508056,-2.61012035614748,0.0812307655757389,0.899630934769719,FALSE,TRUE
"Neobittarella_massiliensis",-0.613955873702031,0.320773020696222,-1.91398850305263,0.0828487417405785,0.899630934769719,FALSE,TRUE
"Nitrosopumilus_SGB14899",-0.530884479867467,0.363266234839086,-1.4614198319385,0.16288344833317,0.899630934769719,FALSE,TRUE
"Oscillibacter_SGB15077",-1.25907164562468,0.335723979730295,-3.75031788505594,0.00513628044405189,0.899630934769719,FALSE,FALSE
"Oscillospiraceae_bacterium_BX1",-0.894345699228995,0.483962723521425,-1.84796401822341,0.0976668309789465,0.899630934769719,FALSE,TRUE
"Oscillospiraceae_bacterium_NSJ_64",-0.881130246836825,0.492143572978351,-1.7903926724155,0.1048593028014,0.899630934769719,FALSE,TRUE
"Parasutterella_excrementihominis",0.507851004125445,0.347217127460118,1.46263235296127,0.162182040115351,0.899630934769719,FALSE,TRUE
"Phascolarctobacterium_SGB4573",-0.697659601787309,0.387437119162256,-1.80070408146705,0.131638207788401,0.899630934769719,FALSE,TRUE
"Phocaeicola_SGB6473",0.994443831479477,0.607616690211328,1.63663021029526,0.152823066861929,0.899630934769719,FALSE,TRUE
"Pseudoflavonifractor_capillosus",-1.30972991792892,0.504740742180864,-2.59485674223541,0.0205645662899362,0.899630934769719,FALSE,FALSE
"Pseudoflavonifractor_sp_An184",-1.31688838239151,0.669030074041384,-1.96835453814002,0.0858247011901014,0.899630934769719,FALSE,TRUE
"Romboutsia_timonensis",-0.627203336889894,0.455256799606078,-1.37769131055834,0.180059969699373,0.899630934769719,FALSE,TRUE
"Roseburia_inulinivorans",-0.590578330389859,0.364139907863603,-1.6218445647849,0.115062319013205,0.899630934769719,FALSE,TRUE
"Ruminococcus_bromii",-0.79434835656305,0.478045312577555,-1.66165912657951,0.109071791490702,0.899630934769719,FALSE,TRUE
"Ruminococcus_gnavus",-0.760153968349112,0.282379231649238,-2.69196131708918,0.0150235347110423,0.899630934769719,FALSE,FALSE
"Ruminococcus_lactaris",-0.322278154927728,0.24562592679996,-1.31206896245198,0.206715905449098,0.899630934769719,FALSE,TRUE
"Ruminococcus_sp_AF41_9",1.16439964423686,0.60631321402154,1.92045895967475,0.0883084019025478,0.899630934769719,FALSE,TRUE
"Sutterella_wadsworthensis",0.824340480135272,0.434100985049016,1.89896016946885,0.0755541708874417,0.899630934769719,FALSE,TRUE
"Turicibacter_bilis",0.789296117250564,0.526928295482575,1.49791940197044,0.156133494733803,0.899630934769719,FALSE,TRUE
"Turicibacter_sanguinis",0.959193571603733,0.674957427833294,1.42111714316987,0.1878593313605,0.899630934769719,FALSE,TRUE
"Veillonella_dispar",0.711504018845112,0.484049961486162,1.4698978937228,0.173711709255596,0.899630934769719,FALSE,TRUE
"Veillonella_rogosae",1.06000152990328,0.556859012760375,1.90353663245713,0.0899529598305738,0.899630934769719,FALSE,TRUE
"Bacteroides_intestinalis",-0.373670596988316,0.288753687330212,-1.29408078020834,0.215207824175143,0.905720684516973,FALSE,TRUE
"Eubacterium_rectale",-0.435608640147236,0.345260262164543,-1.26168194803616,0.215918000402654,0.905720684516973,FALSE,TRUE
"GGB3537_SGB4727",-0.432422403325766,0.332713913157969,-1.29968235840037,0.213978647516384,0.905720684516973,FALSE,TRUE
"GGB79890_SGB14770",-0.441958404949162,0.327633339925048,-1.34894209804859,0.218000433454674,0.905720684516973,FALSE,TRUE
"Haemophilus_parainfluenzae",0.599824937620489,0.447806009422037,1.33947496237189,0.211952589766607,0.905720684516973,FALSE,TRUE
"Holdemania_sp_1001095H_141210_F2",-0.474615517971534,0.372822781697037,-1.27303250035084,0.21985725977618,0.905720684516973,FALSE,TRUE
"Rothia_mucilaginosa",0.697818547278495,0.515370787920839,1.35401261312017,0.220175194026225,0.905720684516973,FALSE,TRUE
"Catenibacillus_scindens",-0.545115933932774,0.428727912526719,-1.27147292724684,0.223489825945544,0.912443424725042,FALSE,TRUE
"Actinomyces_sp_HMSC035G02",-0.873958525067577,0.727075779406231,-1.20201848255941,0.257047654571138,0.914963730598114,FALSE,TRUE
"Blautia_SGB4815",-0.352868307295438,0.290104793831528,-1.2163477295048,0.236292019761372,0.914963730598114,FALSE,TRUE
"Blautia_sp_Marseille_P3087",-0.472911519714288,0.384040964794599,-1.23140905024864,0.246839909071363,0.914963730598114,FALSE,TRUE
"Butyricimonas_virosa",-0.5774794849144,0.425621236043787,-1.35679199252875,0.232887219497318,0.914963730598114,FALSE,TRUE
"Candidatus_Schneewindia_gallinarum",-0.400125162531129,0.352534036120154,-1.13499725284612,0.278878949241081,0.914963730598114,FALSE,TRUE
"Clostridiales_bacterium_CHKCI006",-1.12449834770611,0.844224605679737,-1.33198954418144,0.278418703733868,0.914963730598114,FALSE,TRUE
"Clostridium_fessum",0.320183311613619,0.269152190696453,1.1895995005098,0.244066234925399,0.914963730598114,FALSE,TRUE
"Clostridium_sp_1001270H_150608_G6",-1.39493133432575,1.03543909927378,-1.34718819803511,0.270640391158228,0.914963730598114,FALSE,TRUE
"Clostridium_sp_NSJ_42",-0.783038589171996,0.399071292679871,-1.96215213555874,0.266348742523681,0.914963730598114,FALSE,TRUE
"Collinsella_SGB62935",-0.785668803788482,0.654325438678898,-1.20073094724052,0.275103738102812,0.914963730598114,FALSE,TRUE
"Faecalitalea_cylindroides",-0.49207270689976,0.40178886534922,-1.22470468780181,0.275233617812879,0.914963730598114,FALSE,TRUE
"Firmicutes_bacterium_AF16_15",-0.337700167789123,0.29253179924153,-1.15440498661925,0.257453132662599,0.914963730598114,FALSE,TRUE
"Gemmiger_formicilis",0.283003263678805,0.236543988163849,1.19640860829138,0.243872320829907,0.914963730598114,FALSE,TRUE
"GGB16040_SGB9347",1.13318664241452,0.963124022305477,1.17657395742446,0.258983922603081,0.914963730598114,FALSE,TRUE
"GGB2987_SGB3969",-0.5591324300294,0.490339810779189,-1.14029580657727,0.271726238303801,0.914963730598114,FALSE,TRUE
"GGB3175_SGB4191",0.948167919778752,0.798736237327205,1.18708514208844,0.26622244905044,0.914963730598114,FALSE,TRUE
"GGB33512_SGB15203",-0.58382745854512,0.457353632497026,-1.27653399265155,0.231988585922763,0.914963730598114,FALSE,TRUE
"GGB34900_SGB14891",-0.473768057343565,0.39989137718763,-1.18474186834309,0.247057880538454,0.914963730598114,FALSE,TRUE
"GGB3678_SGB4991",-0.673404200532555,0.512409040662767,-1.3141926607336,0.26884419184648,0.914963730598114,FALSE,TRUE
"GGB38744_SGB14842",-0.38626744769859,0.320893322199006,-1.20372541582228,0.2469982656245,0.914963730598114,FALSE,TRUE
"GGB42389_SGB59559",-0.658814287072095,0.55509937618302,-1.18684025840966,0.252300958190033,0.914963730598114,FALSE,TRUE
"GGB45495_SGB63167",-0.802207171014071,0.624651317354385,-1.28424794557658,0.282483337610587,0.914963730598114,FALSE,TRUE
"GGB58233_SGB79883",0.496632135818328,0.429030650582991,1.15756796197073,0.262170611044752,0.914963730598114,FALSE,TRUE
"GGB9237_SGB14179",-0.658167791696343,0.56502026607657,-1.16485696392198,0.264319224356123,0.914963730598114,FALSE,TRUE
"GGB9453_SGB14844",-0.501386172159724,0.406930806451346,-1.23211652745605,0.23239021211476,0.914963730598114,FALSE,TRUE
"GGB9522_SGB14921",-0.39226995238054,0.318010182473047,-1.23351381182201,0.240445469329103,0.914963730598114,FALSE,TRUE
"GGB9559_SGB14968",-0.762427743861438,0.653973548997959,-1.1658388095813,0.273644978144567,0.914963730598114,FALSE,TRUE
"GGB9619_SGB15067",-0.592254153922099,0.510298542771078,-1.16060326315254,0.254388754861349,0.914963730598114,FALSE,TRUE
"Harryflintia_acetispora",-0.575316818025366,0.463845973275938,-1.24031866432333,0.243224984628916,0.914963730598114,FALSE,TRUE
"Lachnoclostridium_sp_An138",-0.604377734840279,0.508870701312648,-1.18768428459581,0.282322657098646,0.914963730598114,FALSE,TRUE
"Odoribacter_splanchnicus",-0.280739156774224,0.238705286838532,-1.17609107235285,0.250636779506108,0.914963730598114,FALSE,TRUE
"Roseburia_sp_AF02_12",-0.713323592736936,0.62368552197856,-1.14372318676568,0.268043483072407,0.914963730598114,FALSE,TRUE
"Ruthenibacterium_lactatiformans",-0.318541369887509,0.276569233643614,-1.15175996147851,0.257498819109099,0.914963730598114,FALSE,TRUE
"Sanguibacter_SGB15121",-0.25574711383866,0.229327152403182,-1.11520642522534,0.283082701179527,0.914963730598114,FALSE,TRUE
"Streptococcus_infantis",0.758723181020825,0.641121158358861,1.18343182271975,0.255054857257539,0.914963730598114,FALSE,TRUE
"Bifidobacterium_animalis",0.80935418630029,0.748557872390374,1.08121792068765,0.294496299423907,0.919031555098744,FALSE,TRUE
"Candidatus_Neoruminococcus_faecicola",0.466645139930919,0.417030640887697,1.11897087211053,0.293362190874678,0.919031555098744,FALSE,TRUE
"Flavonifractor_sp_An10",-1.2142970864243,1.07856136729503,-1.12584886057034,0.28935449148711,0.919031555098744,FALSE,TRUE
"GGB80011_SGB15265",0.492126358747567,0.441205308390682,1.11541350339284,0.292686470390338,0.919031555098744,FALSE,TRUE
"GGB9291_SGB14248",-0.836298192166431,0.689915009072159,-1.21217567550985,0.292146156317032,0.919031555098744,FALSE,TRUE
"Roseburia_intestinalis",-0.592088482638963,0.548464046549819,-1.07953928131401,0.290906340890185,0.919031555098744,FALSE,TRUE
"Candidatus_Pseudoruminococcus_merdavium",0.532562681581497,0.494441243881813,1.07710003599294,0.297408291422937,0.922061217633317,FALSE,TRUE
"GGB14025_SGB14906",-0.451640974580857,0.423380705442326,-1.06674907187612,0.298863304426269,0.922061217633317,FALSE,TRUE
"Anaerobutyricum_hallii",0.165083643382136,0.19580259282903,0.843112652375768,0.405470289640261,0.924289004321016,FALSE,TRUE
"Anaerobutyricum_soehngenii",-0.316183087728069,0.343438657730408,-0.92063919017604,0.369428060899758,0.924289004321016,FALSE,TRUE
"Anaerotruncus_rubiinfantis",-0.344611316635098,0.365467007263006,-0.942934135740195,0.362704283232995,0.924289004321016,FALSE,TRUE
"Bacteroides_eggerthii",0.598339148425076,0.680990003601086,0.878631323897632,0.405217035670282,0.924289004321016,FALSE,TRUE
"Bifidobacterium_longum",-0.226248979563218,0.241439883103744,-0.937082045661864,0.358300675264236,0.924289004321016,FALSE,TRUE
"Bifidobacterium_pseudocatenulatum",-0.652019563039024,0.604319270550892,-1.07893227109016,0.314412248644562,0.924289004321016,FALSE,TRUE
"Bittarella_massiliensis",-0.26931886472154,0.290673054747751,-0.926535364467331,0.363889847586634,0.924289004321016,FALSE,TRUE
"Blautia_caecimuris",-0.46904079831664,0.441986744493256,-1.06121010224956,0.316042899088525,0.924289004321016,FALSE,TRUE
"Blautia_sp_MSK_20_85",-0.333478562511842,0.374670786864436,-0.890057549729655,0.385176880846235,0.924289004321016,FALSE,TRUE
"Butyricicoccus_sp_AM29_23AC",0.581053969728424,0.628866989183733,0.923969582952081,0.377258665203607,0.924289004321016,FALSE,TRUE
"Candidatus_Borkfalkia_ceftriaxoniphila",0.903820818222288,0.794151184234983,1.13809666995958,0.336385841416157,0.924289004321016,FALSE,TRUE
"Clostridiaceae_bacterium",-0.239597397394509,0.248974219465971,-0.962338180669569,0.342922510929665,0.924289004321016,FALSE,TRUE
"Clostridiaceae_bacterium_H8",0.610596286784804,0.624351815921402,0.977968304430575,0.384150870796572,0.924289004321016,FALSE,TRUE
"Clostridiaceae_bacterium_Marseille_Q4143",0.254432459616405,0.264459442778784,0.962084987183589,0.344927318261796,0.924289004321016,FALSE,TRUE
"Clostridiaceae_bacterium_Marseille_Q4149",-0.54911779680145,0.590442673217344,-0.930010349369375,0.387309789046012,0.924289004321016,FALSE,TRUE
"Clostridium_sp_AF34_10BH",-0.352305712091431,0.359992518347188,-0.978647316641331,0.335961052947845,0.924289004321016,FALSE,TRUE
"Clostridium_sp_Marseille_P3244",-0.236117390855697,0.275616613255987,-0.856687802909749,0.402551615790795,0.924289004321016,FALSE,TRUE
"Coprococcus_comes",-0.182129458176698,0.210437386861921,-0.865480516046337,0.394948266120614,0.924289004321016,FALSE,TRUE
"Dielma_fastidiosa",-0.51005104498474,0.563629169614072,-0.904940823651803,0.386491115157852,0.924289004321016,FALSE,TRUE
"Dorea_sp_AF36_15AT",-0.169331471980522,0.196871371774288,-0.860112216694761,0.396226109454064,0.924289004321016,FALSE,TRUE
"Enterocloster_bolteae",0.306323941121197,0.294132307258949,1.04144948909511,0.312970506681824,0.924289004321016,FALSE,TRUE
"Enterocloster_SGB14313",1.07417123746027,1.21837595630646,0.881641854388399,0.407213158987785,0.924289004321016,FALSE,TRUE
"Erysipelatoclostridium_ramosum",-0.515109256550556,0.566891332964383,-0.908656080270185,0.391390210642271,0.924289004321016,FALSE,TRUE
"Eubacterium_sp_AF34_35BH",-0.657674404120225,0.695441027059178,-0.9456939963714,0.387728824279372,0.924289004321016,FALSE,TRUE
"Faecalibacillus_faecis",0.394756614482246,0.452165556498141,0.873035570288664,0.400867592163895,0.924289004321016,FALSE,TRUE
"Gemmiger_SGB15295",0.456729571924219,0.408818663806803,1.11719354412855,0.345322735070403,0.924289004321016,FALSE,TRUE
"Gemmiger_SGB15299",0.53584028216192,0.497843085252727,1.07632364099203,0.317066034116575,0.924289004321016,FALSE,TRUE
"GGB13404_SGB14252",0.382287742063373,0.363351873450427,1.05211441029086,0.310671114899888,0.924289004321016,FALSE,TRUE
"GGB13493_SGB15238",-0.351161471060117,0.345996329284816,-1.01492831379448,0.354811273906109,0.924289004321016,FALSE,TRUE
"GGB1550_SGB2134",0.503846983239408,0.494306480605263,1.01930078404488,0.337892158983979,0.924289004321016,FALSE,TRUE
"GGB2983_SGB3965",0.703672943866899,0.716327562700306,0.982334033349626,0.38155265223794,0.924289004321016,FALSE,TRUE
"GGB3000_SGB3991",-0.503577610607649,0.504256502963239,-0.998653676548343,0.35313982997246,0.924289004321016,FALSE,TRUE
"GGB3002_SGB3993",-0.570350413586938,0.595478280005563,-0.957802211663556,0.36522197810073,0.924289004321016,FALSE,TRUE
"GGB42378_SGB59548",-1.31750400186228,1.2298196137647,-1.07129857673124,0.325224014979896,0.924289004321016,FALSE,TRUE
"GGB4676_SGB6465",0.994532182823711,1.04064152567617,0.955691425226861,0.409733159118487,0.924289004321016,FALSE,TRUE
"GGB4716_SGB14929",0.531572173725814,0.563257552941699,0.943746197364947,0.37292398579422,0.924289004321016,FALSE,TRUE
"GGB51441_SGB71759",-0.250087883118233,0.239205537374628,-1.04549370329401,0.318516221845115,0.924289004321016,FALSE,TRUE
"GGB51647_SGB4348",-0.367359275364181,0.313282282504721,-1.17261427115223,0.307093720557338,0.924289004321016,FALSE,TRUE
"GGB52106_SGB72838",0.593702695944179,0.642704540944864,0.923756809110692,0.37788724190083,0.924289004321016,FALSE,TRUE
"GGB79973_SGB14341",-0.30974966059409,0.304274762824581,-1.0179932693684,0.328767004566315,0.924289004321016,FALSE,TRUE
"GGB80140_SGB15224",-0.409591796950073,0.388643179522069,-1.05390192992391,0.316726025128975,0.924289004321016,FALSE,TRUE
"GGB9189_SGB14128",-0.379803435528156,0.411972429407385,-0.921914692384866,0.3921353213895,0.924289004321016,FALSE,TRUE
"GGB9293_SGB14250",-0.735453743871757,0.673277025990506,-1.09234938291527,0.324494927882354,0.924289004321016,FALSE,TRUE
"GGB9524_SGB14924",-0.405928727164702,0.479716138711505,-0.846185263341374,0.411929906161484,0.924289004321016,FALSE,TRUE
"GGB9534_SGB14937",-0.520329239315777,0.590859945042403,-0.880630416195221,0.393725260818621,0.924289004321016,FALSE,TRUE
"GGB9551_SGB14958",0.786719508057399,0.73936015819405,1.06405450623554,0.376111043380927,0.924289004321016,FALSE,TRUE
"GGB9614_SGB15049",-0.340815997022371,0.366122476085374,-0.930879744577324,0.365881023064895,0.924289004321016,FALSE,TRUE
"GGB9627_SGB15081",0.354120327000375,0.341545560344618,1.03681724523975,0.321286497627537,0.924289004321016,FALSE,TRUE
"GGB9641_SGB15117",-0.346552417297973,0.403287419996533,-0.859318689635675,0.402358836122287,0.924289004321016,FALSE,TRUE
"GGB9767_SGB15385",0.92069485150003,1.0111088189174,0.910579389947194,0.397621895218936,0.924289004321016,FALSE,TRUE
"GGB9788_SGB15411",-0.512061323813392,0.509288155773112,-1.00544518463436,0.348165672788529,0.924289004321016,FALSE,TRUE
"Intestinimonas_massiliensis",-0.415525610707218,0.392672091897571,-1.05820000779584,0.315587884487159,0.924289004321016,FALSE,TRUE
"Lachnoclostridium_sp_An131",-0.986989259487194,0.912224747703982,-1.08195843400586,0.348863681207166,0.924289004321016,FALSE,TRUE
"Lachnospiraceae_bacterium_BX3",-0.567297299772034,0.537915418508079,-1.05462174954093,0.332202832891867,0.924289004321016,FALSE,TRUE
"Lacrimispora_saccharolytica",-0.245393919980542,0.234959644174326,-1.04440879982979,0.321623967844279,0.924289004321016,FALSE,TRUE
"Lactococcus_cremoris",0.830587670010511,0.904379852661658,0.918405764531384,0.36935031084566,0.924289004321016,FALSE,TRUE
"Leuconostoc_mesenteroides",-1.18172704219759,0.801735354712392,-1.47396149521374,0.325540918876645,0.924289004321016,FALSE,TRUE
"Mediterraneibacter_butyricigenes",-0.183557556989578,0.218785074630231,-0.83898573657188,0.411393557911205,0.924289004321016,FALSE,TRUE
"Methanobrevibacter_smithii",-0.284304843722781,0.299613789561496,-0.948904401692857,0.374270098897091,0.924289004321016,FALSE,TRUE
"Methylobacterium_SGB15164",-0.325388107611553,0.359615622068914,-0.904821947777337,0.379701509263009,0.924289004321016,FALSE,TRUE
"Negativibacillus_massiliensis",-1.0873467009181,1.12693258963011,-0.964872886740272,0.36286542483907,0.924289004321016,FALSE,TRUE
"Oscillospiraceae_bacterium_Marseille_Q3528",-0.209482485651621,0.218665546740552,-0.958004078713748,0.350093311603202,0.924289004321016,FALSE,TRUE
"Sellimonas_intestinalis",0.436397777614793,0.500033949872453,0.872736296657671,0.404404220314597,0.924289004321016,FALSE,TRUE
"Senegalimassilia_anaerobia",-0.357154962700305,0.326863244890616,-1.09267397996928,0.324365271446143,0.924289004321016,FALSE,TRUE
"Streptococcus_gordonii",0.554486377299058,0.569187464760764,0.974171800378835,0.394427119748647,0.924289004321016,FALSE,TRUE
"Streptococcus_salivarius",0.448343222657414,0.456483667067667,0.982167063144787,0.334382331075166,0.924289004321016,FALSE,TRUE
"Catenibacterium_SGB4425",-0.872123423020766,1.03021221215284,-0.84654735474188,0.419187004348901,0.92905527902634,FALSE,TRUE
"GGB3109_SGB4119",-0.228496997328786,0.269133226838707,-0.84901072978895,0.418529147461982,0.92905527902634,FALSE,TRUE
"GGB9239_SGB14181",0.704946568681808,0.754456994458285,0.934376079564315,0.419037082735201,0.92905527902634,FALSE,TRUE
"Clostridiales_bacterium_NSJ_32",-0.724400959706205,0.858974583390044,-0.843332240224468,0.42353933895819,0.931190279635789,FALSE,TRUE
"GGB9634_SGB15093",-0.616353050162622,0.729759417513347,-0.844597596647458,0.423580108784604,0.931190279635789,FALSE,TRUE
"Escherichia_coli",-0.435874035253555,0.533404013451859,-0.81715552238321,0.425326840623061,0.931259977654525,FALSE,TRUE
"Anaeromassilibacillus_sp_An250",-0.186947425567108,0.243611045338917,-0.767401269950723,0.450119475935857,0.935604903287692,FALSE,TRUE
"Bifidobacterium_adolescentis",-0.258714162426198,0.342396266164217,-0.755598667370152,0.458114305252479,0.935604903287692,FALSE,TRUE
"Bilophila_wadsworthia",0.211665511798083,0.264273191702879,0.800934481602877,0.431189006984045,0.935604903287692,FALSE,TRUE
"Blautia_obeum",-0.195224917435223,0.255471583594721,-0.76417468701696,0.450887828348827,0.935604903287692,FALSE,TRUE
"Blautia_wexlerae",0.161243829984293,0.210511211965028,0.76596314504655,0.449249711715516,0.935604903287692,FALSE,TRUE
"Dorea_longicatena",-0.162680200116874,0.215108678086545,-0.756269814700002,0.455345219193514,0.935604903287692,FALSE,TRUE
"Dorea_sp_AF24_7LB",0.197459422232726,0.251448201695148,0.785288663436626,0.441488422444759,0.935604903287692,FALSE,TRUE
"GGB51959_SGB72479",-0.310763045024755,0.39525794312899,-0.786228462772068,0.448339824269991,0.935604903287692,FALSE,TRUE
"GGB9059_SGB13976",-1.03703057287465,1.23883569975317,-0.837100975602549,0.434604240198552,0.935604903287692,FALSE,TRUE
"GGB9296_SGB14253",0.422405493531677,0.54525284644083,0.774696539942807,0.457180195908111,0.935604903287692,FALSE,TRUE
"GGB9531_SGB14932",-0.324598415350537,0.420261374818197,-0.772372706130696,0.460048819848644,0.935604903287692,FALSE,TRUE
"GGB9712_SGB15244",-0.317394863741002,0.385476059344077,-0.823384114388528,0.44178031782968,0.935604903287692,FALSE,TRUE
"GGB9766_SGB15383",0.230118805832887,0.291554891733939,0.789281237794781,0.452702780373301,0.935604903287692,FALSE,TRUE
"Granulicatella_SGB8255",0.465915442951432,0.556166286879033,0.837726870440044,0.430299558776119,0.935604903287692,FALSE,TRUE
"Lactococcus_laudensis",1.27879196281768,1.62360620053995,0.787624463612173,0.456752753167973,0.935604903287692,FALSE,TRUE
"Massilimicrobiota_timonensis",0.311709792787141,0.40750886552596,0.764915365423587,0.458444221197393,0.935604903287692,FALSE,TRUE
"Merdimonas_faecis",-0.325022098963927,0.389309973432159,-0.834867126825778,0.443723350291142,0.935604903287692,FALSE,TRUE
"Mogibacterium_diversum",0.297375788615578,0.369228520974738,0.805397664921783,0.441412586645855,0.935604903287692,FALSE,TRUE
"Oscillibacter_sp_ER4",0.212526514605627,0.276854045194896,0.767648218598415,0.450341707583072,0.935604903287692,FALSE,TRUE
"Alistipes_finegoldii",0.218989981888876,0.296530261133474,0.738508039792621,0.468379143860909,0.941962500431383,FALSE,TRUE
"Dysosmobacter_sp_NSJ_60",-0.282536586911645,0.382973000614157,-0.737745445393157,0.466794861829581,0.941962500431383,FALSE,TRUE
"Slackia_isoflavoniconvertens",-0.217713902386434,0.285999831223853,-0.761237870158142,0.468357966661956,0.941962500431383,FALSE,TRUE
"Clostridium_sp_AF36_4",0.326630888505068,0.445210584574697,0.73365481374863,0.473156545581024,0.942199921321259,FALSE,TRUE
"GGB3463_SGB4621",-0.593842040379154,0.766644955143804,-0.774598510555337,0.477187788551421,0.942199921321259,FALSE,TRUE
"GGB3510_SGB4687",-0.413491530748002,0.574883678894862,-0.719261210446755,0.477200191923951,0.942199921321259,FALSE,TRUE
"GGB3534_SGB4722",0.281665397949197,0.383600583987446,0.734267385678472,0.473865320688997,0.942199921321259,FALSE,TRUE
"GGB45432_SGB63101",0.275123886790009,0.381191810582033,0.721746583091406,0.477910854365031,0.942199921321259,FALSE,TRUE
"GGB51884_SGB49168",0.803336730092786,1.07417494334531,0.747863963006758,0.478908247301413,0.942199921321259,FALSE,TRUE
"Bacteroides_xylanisolvens",-0.201386401005588,0.281599526542476,-0.715151774146223,0.483006642840239,0.945994392629177,FALSE,TRUE
"GGB2998_SGB3988",-0.191009471528363,0.271413278466509,-0.703758757152821,0.492138248127034,0.945994392629177,FALSE,TRUE
"GGB45599_SGB63311",0.59816732358344,0.814243746611341,0.734629312257967,0.48621041374425,0.945994392629177,FALSE,TRUE
"GGB9063_SGB13982",-0.655934151065598,0.897857881933178,-0.730554539047211,0.488282438066085,0.945994392629177,FALSE,TRUE
"Lachnospiraceae_bacterium_OF09_6",0.167095869212225,0.218469066297054,0.764849102183756,0.486993371755048,0.945994392629177,FALSE,TRUE
"Streptococcus_mitis",0.335438395244205,0.457060457577112,0.733903775054994,0.489767801167131,0.945994392629177,FALSE,TRUE
"Waltera_intestinalis",-0.249408858943272,0.358443876664697,-0.695810070084079,0.493032068350013,0.945994392629177,FALSE,TRUE
"Anaerococcus_SGB15407",-0.554245737362761,0.766575205595305,-0.723015476260214,0.49966726996223,0.948933499119259,FALSE,TRUE
"Bacteroides_stercoris",-0.311691504945108,0.441042728587788,-0.706714984153892,0.499806594379573,0.948933499119259,FALSE,TRUE
"Streptococcus_SGB14888",-0.404732978831238,0.574172461293249,-0.704897928959584,0.498138690157693,0.948933499119259,FALSE,TRUE
"Alistipes_putredinis",-0.140548134285102,0.208397045417185,-0.674424793325367,0.505775331157504,0.953649338671765,FALSE,TRUE
"GGB4566_SGB6305",0.383985381686877,0.562271248932084,0.682918400000314,0.5058029641574,0.953649338671765,FALSE,TRUE
"Bacteroides_salyersiae",-0.328981436946687,0.530182420429905,-0.620506120666786,0.557742573088794,0.954616578258752,FALSE,TRUE
"Bacteroides_thetaiotaomicron",-0.226769647212851,0.37198900669367,-0.609613841087499,0.548207541174575,0.954616578258752,FALSE,TRUE
"Blautia_luti",0.199338836528574,0.301929343778501,0.660216837601618,0.517578784852698,0.954616578258752,FALSE,TRUE
"Candidatus_Avimonas_narfia",-0.222377439191777,0.366736085794146,-0.606369124298832,0.550963749194797,0.954616578258752,FALSE,TRUE
"Candidatus_Geddesella_stercoravicola",-0.494294510212594,0.730799036703324,-0.676375426604808,0.531789228585562,0.954616578258752,FALSE,TRUE
"Clostridiales_bacterium_Choco116",-0.47525917555358,0.684620422063416,-0.694193687826563,0.523086735711548,0.954616578258752,FALSE,TRUE
"Clostridiales_Family_XIII_bacterium_BX16",-0.128062572016193,0.212956233348502,-0.6013562975009,0.552695074267145,0.954616578258752,FALSE,TRUE
"Clostridium_butyricum",-0.174955898730749,0.292935965417676,-0.597249636046884,0.556566253266168,0.954616578258752,FALSE,TRUE
"Clostridium_SGB4750",0.168377941525526,0.274386630499568,0.613652134650166,0.544506762639093,0.954616578258752,FALSE,TRUE
"Clostridium_sp_1001270J_160509_D11",0.398621712905716,0.609087190437961,0.654457554129629,0.526877130333266,0.954616578258752,FALSE,TRUE
"Clostridium_sp_AF27_2AA",0.332789151353877,0.524828506410603,0.634091226541566,0.537922229678548,0.954616578258752,FALSE,TRUE
"Clostridium_sp_AM22_11AC",0.225006596089538,0.341256060039386,0.659348279598518,0.515242565498047,0.954616578258752,FALSE,TRUE
"Coprococcus_eutactus",-0.273654314388918,0.45258341056086,-0.604649459090412,0.554579242264594,0.954616578258752,FALSE,TRUE
"Eubacterium_ramulus",-0.156509508675468,0.262089169595127,-0.597161297879048,0.555770087916982,0.954616578258752,FALSE,TRUE
"Eubacterium_ventriosum",-0.227516268617113,0.354200704915291,-0.642337142359795,0.528956149576101,0.954616578258752,FALSE,TRUE
"Faecalibacillus_intestinalis",0.175871992488006,0.265829346768261,0.66159735419026,0.513806847883992,0.954616578258752,FALSE,TRUE
"GGB3444_SGB4594",0.238751279406945,0.372348894472131,0.641203137571864,0.536620321745273,0.954616578258752,FALSE,TRUE
"GGB3570_SGB4777",-0.235453732927853,0.373357344424719,-0.630639081951496,0.540101324202566,0.954616578258752,FALSE,TRUE
"GGB3619_SGB4894",0.386889835063504,0.623030775395205,0.620980295585062,0.546776528824541,0.954616578258752,FALSE,TRUE
"GGB3653_SGB4964",0.274428053282584,0.433972689988473,0.632362495644307,0.532430313753315,0.954616578258752,FALSE,TRUE
"GGB3730_SGB5060",-0.241605529961558,0.349508240282819,-0.69127277161206,0.527419938588518,0.954616578258752,FALSE,TRUE
"GGB45497_SGB63169",-0.277018203157134,0.44595841312228,-0.621174968351089,0.559057222626673,0.954616578258752,FALSE,TRUE
"GGB45620_SGB63333",-0.499063229522762,0.830780348903534,-0.600716218410109,0.558357438071516,0.954616578258752,FALSE,TRUE
"GGB9469_SGB14862",-0.329459043736013,0.496157918427765,-0.664020529552383,0.534112161535957,0.954616578258752,FALSE,TRUE
"GGB9724_SGB15278",0.445819124057754,0.556751015201494,0.800751344649829,0.530984764325019,0.954616578258752,FALSE,TRUE
"GGB9770_SGB15390",-0.225961134757121,0.365973453354738,-0.617424932562243,0.547165064757479,0.954616578258752,FALSE,TRUE
"GGB9782_SGB15403",-0.195325229967768,0.315828166635839,-0.618454117149673,0.557590579812714,0.954616578258752,FALSE,TRUE
"GGB9787_SGB15410",0.255478440090096,0.394750471936511,0.647189701475989,0.533665063253245,0.954616578258752,FALSE,TRUE
"Roseburia_faecis",0.435907337197319,0.715983729729367,0.608822964960511,0.549577508764737,0.954616578258752,FALSE,TRUE
"Veillonella_atypica",-0.578657719031734,0.911741070275193,-0.634673305719437,0.535876218540506,0.954616578258752,FALSE,FALSE
"Eisenbergiella_tayi",0.514628764742763,0.863949555632181,0.595669922378966,0.562033234834834,0.956689800988447,FALSE,TRUE
"Dysosmobacter_sp_BX15",0.176761924743669,0.303297369479515,0.582800718143412,0.567483109651457,0.960857119874993,FALSE,TRUE
"GGB79734_SGB15291",0.189889169868085,0.326245861396304,0.582043153146451,0.568020507329416,0.960857119874993,FALSE,TRUE
"GGB9818_SGB15459",0.260267350302429,0.439558163584748,0.592111287798319,0.570369054730384,0.961833530181984,FALSE,TRUE
"Actinomyces_sp_ICM58",-0.228907791084261,0.364455121647853,-0.628082245213825,0.573490659708786,0.96235475483643,FALSE,TRUE
"Collinsella_SGB14987",0.241619271032849,0.41440736371103,0.583047725960132,0.574222726642732,0.96235475483643,FALSE,TRUE
"Raoultibacter_massiliensis",0.399285816538519,0.643945317860634,0.620061681425152,0.579094639883299,0.967533506020404,FALSE,TRUE
"GGB3128_SGB4141",-0.358291536140427,0.460648807596974,-0.777797598151821,0.582144045961668,0.969215731948728,FALSE,TRUE
"GGB9781_SGB15402",-0.213006557076373,0.378737510325349,-0.562412096159667,0.58545628007216,0.969215731948728,FALSE,TRUE
"Vescimonas_coprocola",0.122137087453665,0.219875195803836,0.555483700683687,0.583692335639322,0.969215731948728,FALSE,TRUE
"GGB6612_SGB9346",0.271542169584431,0.488559381387299,0.555801771349406,0.588559376804729,0.969367946089479,FALSE,TRUE
"Parabacteroides_distasonis",0.142651553873412,0.261125749984556,0.546294472612713,0.589118641269849,0.969367946089479,FALSE,TRUE
"GGB45491_SGB63163",-0.322839323415292,0.577013015241183,-0.559500938259339,0.590971042876512,0.969478176078386,FALSE,TRUE
"Enterocloster_citroniae",0.196409161987456,0.360617044221509,0.544647473364603,0.593434874007029,0.970587760800652,FALSE,TRUE
"Alistipes_senegalensis",0.163610914757666,0.312842867631861,0.522981124665422,0.61050817374989,0.974033081319965,FALSE,TRUE
"Candidatus_Pseudolachnospira_avium",0.326056823810908,0.587762316756206,0.554742647691977,0.601253543711545,0.974033081319965,FALSE,TRUE
"Collinsella_SGB47518",-0.527159554284036,0.921284413454555,-0.572200665272668,0.610276623611207,0.974033081319965,FALSE,TRUE
"GGB3321_SGB4394",0.472982320220791,0.827251625764096,0.571751454442798,0.600839836401524,0.974033081319965,FALSE,TRUE
"GGB9618_SGB15065",-0.764272729440982,1.32869549967632,-0.575205327049849,0.605459426785624,0.974033081319965,FALSE,TRUE
"GGB9713_SGB15249",-0.132881689270319,0.257384396059811,-0.516277176489904,0.613479399284398,0.974033081319965,FALSE,TRUE
"GGB9760_SGB15373",0.146285639293528,0.281184750432349,0.520247414088422,0.609320165746437,0.974033081319965,FALSE,TRUE
"GGB9765_SGB15382",-0.25252293038088,0.484442774881692,-0.521264726143453,0.610725595179652,0.974033081319965,FALSE,TRUE
"Propionibacterium_freudenreichii",-0.54317629960711,0.947268716213735,-0.573413108983693,0.613474464593974,0.974033081319965,FALSE,TRUE
"Streptococcus_thermophilus",0.323446239637015,0.606014842562379,0.533726596974763,0.597484649608042,0.974033081319965,FALSE,TRUE
"Alistipes_indistinctus",-0.145039892036985,0.30558167806711,-0.474635432838784,0.641380693104232,0.974524869832974,FALSE,TRUE
"Alistipes_sp_AF17_16",0.139181384248073,0.309230896134908,0.450088868828142,0.662246182262187,0.974524869832974,FALSE,TRUE
"Anaerostipes_caccae",0.309063405937582,0.647253342689774,0.477499899271612,0.652437930025704,0.974524869832974,FALSE,TRUE
"Anaerotruncus_massiliensis",-0.318394765432992,0.62045272232162,-0.513165232383246,0.64725358506006,0.974524869832974,FALSE,TRUE
"Bacteroides_uniformis",0.12357413001942,0.254580038021151,0.485403847764186,0.631052830355758,0.974524869832974,FALSE,TRUE
"Candidatus_Gastranaerophilales_bacterium",0.29559651904986,0.659321159759417,0.448334646438045,0.661725349856657,0.974524869832974,FALSE,TRUE
"Candidatus_Pseudobutyricicoccus_lothianensis",-0.142408443889484,0.296561541328641,-0.480198623366578,0.637333068488235,0.974524869832974,FALSE,TRUE
"Clostridiaceae_unclassified_SGB15090",-0.326511734356244,0.685856803161728,-0.47606400177276,0.658864850024733,0.974524869832974,FALSE,TRUE
"Collinsella_SGB14861",-0.125368288164672,0.248913426251767,-0.503662217231573,0.619383732790948,0.974524869832974,FALSE,TRUE
"Ellagibacter_isourolithinifaciens",-0.160527367456797,0.338819353455941,-0.473784528007109,0.649212190736499,0.974524869832974,FALSE,TRUE
"Enterocloster_asparagiformis",-0.31328919427178,0.590013457203831,-0.530986523182892,0.616073543939559,0.974524869832974,FALSE,TRUE
"GGB3032_SGB4027",-0.275756270202854,0.559785446628221,-0.492610645496106,0.648204504776562,0.974524869832974,FALSE,TRUE
"GGB3277_SGB4327",-0.137510501407062,0.279059091436245,-0.492764814431707,0.63725816694188,0.974524869832974,FALSE,TRUE
"GGB3819_SGB5184",0.125480780621257,0.259511656977724,0.483526567101486,0.647242433149716,0.974524869832974,FALSE,TRUE
"GGB9240_SGB14182",0.222170945244291,0.489628084832772,0.453754496783353,0.660962192002033,0.974524869832974,FALSE,TRUE
"GGB9747_SGB15356",0.20291993534343,0.407490611351568,0.497974504664988,0.631900772142353,0.974524869832974,FALSE,TRUE
"GGB9786_SGB15409",-0.292302412905807,0.601184929849352,-0.486210479326309,0.644065183101372,0.974524869832974,FALSE,TRUE
"Gordonibacter_pamelaeae",0.177167596056489,0.381402709939896,0.464515829172813,0.649420928471571,0.974524869832974,FALSE,TRUE
"Holdemania_massiliensis",-0.201310480082693,0.410120635720098,-0.49085674445332,0.638567180362191,0.974524869832974,FALSE,TRUE
"Lachnospiraceae_bacterium_NSJ_46",-0.172657535765224,0.356101292418882,-0.484855122519821,0.65301013167281,0.974524869832974,FALSE,TRUE
"Lachnospiraceae_bacterium_OM04_12BH",0.319071506595114,0.640561587481201,0.498112145390669,0.633992808142146,0.974524869832974,FALSE,TRUE
"Lactococcus_lactis",0.320991079632092,0.640095460101071,0.501473763899853,0.622451189012358,0.974524869832974,FALSE,TRUE
"Massilimicrobiota_sp_An134",-0.326443479816258,0.722770249122447,-0.451655944904498,0.661043000149472,0.974524869832974,FALSE,TRUE
"Monoglobus_pectinilyticus",-0.245282004889456,0.5349916539651,-0.458478189466217,0.66132688781227,0.974524869832974,FALSE,TRUE
"Phocaeicola_massiliensis",-0.318849220887,0.604130210669142,-0.52778228146187,0.625571497420098,0.974524869832974,FALSE,TRUE
"Roseburia_sp_BX1005",0.386080675430353,0.779786386677382,0.495110817560457,0.633832771792013,0.974524869832974,FALSE,TRUE
"Streptococcus_sanguinis",0.427548237845186,0.874864933472551,0.488701994430321,0.632619136340759,0.974524869832974,FALSE,TRUE
"Candidatus_Metaruminococcus_caecorum",-0.211206600994189,0.479445390433053,-0.440522748176637,0.670126864598588,0.976782739886093,FALSE,TRUE
"Candidatus_Parachristensenella_avicola",-0.354977510676878,0.796507527292287,-0.445667490279241,0.681403540560375,0.976782739886093,FALSE,TRUE
"Clostridium_sp_AT4",0.245048369243298,0.573244357950545,0.427476286237497,0.676683857315982,0.976782739886093,FALSE,TRUE
"Coprococcus_catus",0.0892077299991082,0.210090908404333,0.424614899695813,0.675142249089275,0.976782739886093,FALSE,TRUE
"Dakarella_SGB14198",-0.3033002827144,0.666205776669221,-0.455265164812571,0.669400708080816,0.976782739886093,FALSE,TRUE
"GGB4750_SGB6579",-0.428485462352484,0.921224388035631,-0.465126051717067,0.673523027655876,0.976782739886093,FALSE,TRUE
"Lachnospiraceae_bacterium",0.111756531737049,0.263571595694278,0.424008252644482,0.67509111758055,0.976782739886093,FALSE,TRUE
"Oscillospiraceae_bacterium",-0.180360838508781,0.418819237105581,-0.430641246938028,0.681769168355118,0.976782739886093,FALSE,TRUE
"Streptococcus_mutans",0.363035850573105,0.81507649997301,0.445400953879944,0.681661025293724,0.976782739886093,FALSE,TRUE
"Streptococcus_parasanguinis",0.176585177696097,0.415058586286805,0.425446391257345,0.673910132459118,0.976782739886093,FALSE,TRUE
"Alistipes_onderdonkii",-0.0879298334723037,0.236201316586523,-0.372266483282256,0.712497285194425,0.978258731686679,FALSE,TRUE
"Clostridium_scindens",0.341839320572832,0.882004800077399,0.387570816556593,0.714765423024826,0.978258731686679,FALSE,TRUE
"Desulfovibrio_SGB5076",0.594725893683643,0.986586985776475,0.60281141172319,0.711389333872316,0.978258731686679,FALSE,TRUE
"Eubacteriaceae_bacterium",-0.10777710116886,0.284171634109248,-0.379267626435317,0.708125188110641,0.978258731686679,FALSE,TRUE
"GGB2977_SGB3959",0.1097868823266,0.269450127083054,0.407447877331154,0.695851364882507,0.978258731686679,FALSE,TRUE
"GGB3256_SGB4303",-0.316687619114755,0.769910131357493,-0.411330629662422,0.702820159212538,0.978258731686679,FALSE,TRUE
"GGB3304_SGB4367",-0.292778391052406,0.754105851808204,-0.388245748723973,0.711235722280536,0.978258731686679,FALSE,TRUE
"GGB33469_SGB15236",-0.127803196660504,0.314372621611971,-0.406534118668423,0.691335815219344,0.978258731686679,FALSE,TRUE
"GGB33469_SGB15237",0.12506124579148,0.326902449928966,0.382564418892102,0.715227838820647,0.978258731686679,FALSE,TRUE
"GGB33928_SGB15225",0.20850925370972,0.53785845820311,0.38766565911469,0.701419069414145,0.978258731686679,FALSE,TRUE
"GGB3585_SGB4803",0.452836156551941,1.0995930440875,0.411821590711978,0.687730947302007,0.978258731686679,FALSE,TRUE
"GGB4567_SGB6308",-0.453816679635193,1.16952512083033,-0.388034999464566,0.711383631958878,0.978258731686679,FALSE,TRUE
"GGB9608_SGB15041",-0.11082859679332,0.287931182520813,-0.384913491560814,0.707036704350571,0.978258731686679,FALSE,TRUE
"GGB9708_SGB15234",-0.154855909281153,0.378715776539785,-0.408897434102234,0.688190122815902,0.978258731686679,FALSE,TRUE
"GGB9767_SGB15384",0.313395211193665,0.691547142172609,0.453179822577363,0.698794971989891,0.978258731686679,FALSE,TRUE
"Hydrogenoanaerobacterium_saccharovorans",-0.0920221396738436,0.246968408984718,-0.372606925930911,0.71281013716548,0.978258731686679,FALSE,TRUE
"Lacrimispora_amygdalina",-0.165402697808043,0.411672483809705,-0.401782252428852,0.69143426037078,0.978258731686679,FALSE,TRUE
"Phocea_massiliensis",-0.195156327591123,0.50030467542487,-0.390074962672279,0.698987599861945,0.978258731686679,FALSE,TRUE
"Anaerotruncus_colihominis",0.163210646264818,0.470909634997374,0.346585914016663,0.734180362785689,0.979415962326061,FALSE,TRUE
"Blautia_faecis",0.0805874537051009,0.231958510832595,0.347421844604189,0.730430757954461,0.979415962326061,FALSE,TRUE
"Clostridiaceae_bacterium_Marseille_Q4145",-0.110192126239457,0.320696150053347,-0.343602897076023,0.735930196057498,0.979415962326061,FALSE,TRUE
"Clostridiales_bacterium_VE202_01",-0.19830443646342,0.543493812334703,-0.364869722456559,0.733681457407452,0.979415962326061,FALSE,TRUE
"Enterococcus_SGB6173",0.284598545202826,0.851848623056851,0.334095210697819,0.743129606774102,0.979415962326061,FALSE,TRUE
"Faecalibacterium_SGB15346",-0.0928606041172051,0.279678639100386,-0.332026086854185,0.742471831392542,0.979415962326061,FALSE,TRUE
"GGB3278_SGB4328",0.117111242053127,0.328636625137425,0.356354809827282,0.733770904408827,0.979415962326061,FALSE,TRUE
"GGB33586_SGB53517",0.0913399061271373,0.263102184958576,0.34716513715581,0.736539350395029,0.979415962326061,FALSE,TRUE
"GGB9786_SGB63164",-0.171449637967625,0.470716636792004,-0.364231099066472,0.739842210956393,0.979415962326061,FALSE,TRUE
"Lacticaseibacillus_paracasei",-0.223685985563344,0.634813201136929,-0.352365050321464,0.740370754369365,0.979415962326061,FALSE,TRUE
"Longicatena_caecimuris",-0.226337965798079,0.63129284251177,-0.358530860095819,0.738068069935191,0.979415962326061,FALSE,TRUE
"Oscillibacter_sp_PC13",-0.150876909632182,0.413715384450516,-0.364687694252829,0.727361026887074,0.979415962326061,FALSE,TRUE
"Other",-0.0791052420194101,0.222932931762051,-0.354838746317855,0.724930729010233,0.979415962326061,FALSE,TRUE
"Pseudoruminococcus_massiliensis",-0.2506173569655,0.694420139293042,-0.360901625377171,0.73291998091271,0.979415962326061,FALSE,TRUE
"Staphylococcus_SGB6340",0.243347082802077,0.700180774168203,0.347548935617616,0.742822388236813,0.979415962326061,FALSE,TRUE
"Actinomyces_SGB17168",0.143241359749111,0.479092630819009,0.298984685913954,0.768169435997149,0.980277897188745,FALSE,TRUE
"Actinomyces_sp_ICM47",0.150406794870098,0.491575949276353,0.305968579405708,0.763301493264732,0.980277897188745,FALSE,TRUE
"Adlercreutzia_equolifaciens",-0.0698972373024157,0.220642762371324,-0.316789168841099,0.753434578653581,0.980277897188745,FALSE,TRUE
"Alistipes_dispar",-0.159171270915533,0.491095886476428,-0.324114445465169,0.762091520659498,0.980277897188745,FALSE,TRUE
"Anaerosacchariphilus_sp_NSJ_68",-0.0957476483623477,0.303005270875588,-0.315993342576741,0.755642309128985,0.980277897188745,FALSE,TRUE
"Bacteroides_nordii",-0.291087882024199,1.01341830448657,-0.287233692874408,0.779797343464782,0.980277897188745,FALSE,TRUE
"Bacteroides_ovatus",0.0730707961343751,0.259428558019529,0.281660572344832,0.780452847027633,0.980277897188745,FALSE,TRUE
"Butyricimonas_faecihominis",-0.105895188736682,0.358829539949317,-0.295112795762688,0.774602330133455,0.980277897188745,FALSE,TRUE
"Clostridiaceae_unclassified_SGB4771",0.136137776905217,0.446773800956171,0.304712981409965,0.768091812920605,0.980277897188745,FALSE,TRUE
"Coprobacter_secundus",-0.167370083445023,0.568228874387624,-0.294546952802067,0.783179092701404,0.980277897188745,FALSE,TRUE
"GGB6608_SGB9342",-0.247017982104499,0.822598062964592,-0.300290011885345,0.778915699259098,0.980277897188745,FALSE,TRUE
"GGB74463_SGB54347",-0.143599850911969,0.505946658755005,-0.283824091783367,0.782334862232632,0.980277897188745,FALSE,TRUE
"GGB9602_SGB15031",-0.0954586489512121,0.336667076906741,-0.283540195935627,0.782450925864648,0.980277897188745,FALSE,TRUE
"GGB9642_SGB15119",-0.0676124068110198,0.224441217758649,-0.30124772751735,0.77535131503539,0.980277897188745,FALSE,TRUE
"Intestinimonas_butyriciproducens",-0.112478991169456,0.398442471876121,-0.282296690510509,0.780753971331092,0.980277897188745,FALSE,TRUE
"Lachnotalea_sp_AF33_28",-0.178985569857604,0.596016187787156,-0.300303202371279,0.773080997345601,0.980277897188745,FALSE,TRUE
"Lacrimispora_celerecrescens",0.0813795279814962,0.256985049134236,0.316670282009237,0.753981048687352,0.980277897188745,FALSE,TRUE
"Mogibacterium_sp_BX12",0.0881190136327738,0.304360030232917,0.289522292284369,0.775789588934333,0.980277897188745,FALSE,TRUE
"Oscillibacter_valericigenes",-0.175792984508947,0.575704053883956,-0.305353042631833,0.764400109310177,0.980277897188745,FALSE,TRUE
"Phascolarctobacterium_faecium",-0.0545395364535292,0.195551946559855,-0.278900503999001,0.783500197753067,0.980277897188745,FALSE,TRUE
"Streptococcus_australis",-0.161656414568955,0.51026650770309,-0.316807809504555,0.756947157474101,0.980277897188745,FALSE,TRUE
"Streptococcus_vestibularis",0.136687378820647,0.447428521717488,0.305495452761844,0.763493535559728,0.980277897188745,FALSE,TRUE
"Actinomyces_bouchesdurhonensis",-0.181628062651729,0.714460504936928,-0.254217079036109,0.801407177911565,0.981027721638842,FALSE,TRUE
"Actinomyces_SGB17157",-0.129796927062922,0.49030436403961,-0.264727252259244,0.800350243901851,0.981027721638842,FALSE,TRUE
"Candidatus_Avispirillum_faecium",0.365401534402234,1.3254669614286,0.275677587624213,0.795002307174765,0.981027721638842,FALSE,TRUE
"Clostridium_SGB6176",0.294476601663777,1.01984732008675,0.288745771905081,0.788906926111437,0.981027721638842,FALSE,TRUE
"Clostridium_sp_AF12_28",0.19638111646414,0.716157079635084,0.274215143644471,0.788582651941211,0.981027721638842,FALSE,TRUE
"Collinsella_aerofaciens",0.0832147180195817,0.323170423896999,0.25749484441096,0.798918704044846,0.981027721638842,FALSE,TRUE
"Dorea_formicigenerans",-0.0487803593847766,0.186589897588346,-0.261430870670157,0.795412421694715,0.981027721638842,FALSE,TRUE
"GGB3892_SGB5290",0.0762602748891614,0.283441163958092,0.269051516103839,0.798268971294994,0.981027721638842,FALSE,TRUE
"GGB52130_SGB14966",-0.0891726840731799,0.346731492499295,-0.257180804173308,0.800534199858671,0.981027721638842,FALSE,TRUE
"Massilioclostridium_coli",0.0694712261274738,0.274336276369014,0.253233830563578,0.802166313826236,0.981027721638842,FALSE,TRUE
"Faecalibacterium_prausnitzii",-0.0518303272677018,0.207776620015536,-0.249452162922981,0.80453120296147,0.981708861141749,FALSE,TRUE
"Rheinheimera_SGB14999",0.0704761038466102,0.287883519041793,0.244807705842928,0.809314918746008,0.985331840536059,FALSE,TRUE
"Coprobacillus_SGB6753",0.144060601597537,0.626960730364078,0.22977611614348,0.833142087856872,0.985792336000587,FALSE,TRUE
"Enterocloster_clostridioformis",-0.106502887576296,0.454536081380281,-0.234311184390204,0.8301705376575,0.985792336000587,FALSE,TRUE
"GGB9109_SGB14042",0.26077535490275,1.10605581838925,0.235770519504628,0.820290849705818,0.985792336000587,FALSE,TRUE
"GGB9299_SGB14260",0.116305508451239,0.463905959024055,0.250709235759586,0.814390363762503,0.985792336000587,FALSE,TRUE
"GGB9537_SGB14940",0.123643332126336,0.515345700405171,0.239923088577485,0.825849102931783,0.985792336000587,FALSE,TRUE
"GGB9621_SGB15073",0.118182313652744,0.534004791368976,0.22131320835113,0.828586238178671,0.985792336000587,FALSE,TRUE
"GGB9775_SGB15395",-0.149287852828977,0.616122280396675,-0.242302311698356,0.813573583385471,0.985792336000587,FALSE,TRUE
"Hydrogeniiclostidium_mannosilyticum",-0.0739841194803168,0.324125682116062,-0.228257504920035,0.821918924973021,0.985792336000587,FALSE,TRUE
"Lachnospira_sp_NSJ_43",-0.133856106316568,0.588379433576325,-0.227499634891986,0.824248569270311,0.985792336000587,FALSE,TRUE
"Lachnospiraceae_bacterium_Marseille_Q4251",-0.0759491377967306,0.328397037610326,-0.231272298767967,0.818794663048191,0.985792336000587,FALSE,TRUE
"Mediterraneibacter_massiliensis",0.0932388272064507,0.414704480557614,0.224831974520944,0.829873662901275,0.985792336000587,FALSE,TRUE
"Ruminococcus_sp_NSJ_13",0.0887291007022388,0.376168405274738,0.235876005156346,0.819455426857588,0.985792336000587,FALSE,TRUE
"Veillonella_parvula",-0.0620091997085948,0.287293685781059,-0.215839062177826,0.833294074077844,0.985792336000587,FALSE,TRUE
"Akkermansia_muciniphila",-0.0794832049122728,0.383399805400656,-0.207311542136054,0.838304621683806,0.987417374347737,FALSE,TRUE
"Eggerthella_lenta",-0.0585530973644562,0.282116059999225,-0.207549677833361,0.83716740248852,0.987417374347737,FALSE,TRUE
"Intestinibacter_bartlettii",0.078438201484917,0.384823631004845,0.203828962582419,0.840530423026075,0.987896146543634,FALSE,TRUE
"Anaerostipes_hadrus",-0.0402563200879433,0.214166201173929,-0.187967661877937,0.852036013247761,0.989847211080645,FALSE,TRUE
"Clostridium_saudiense",-0.0977756034296478,0.524971869697396,-0.186249224146063,0.854652646782747,0.989847211080645,FALSE,TRUE
"Dysosmobacter_welbionis",-0.0506973111193323,0.26883785103292,-0.188579513355522,0.851802353208392,0.989847211080645,FALSE,TRUE
"Erysipelotrichaceae_bacterium_3_1_53",0.0898200726801375,0.481048254212765,0.186717386236289,0.857898373673811,0.989847211080645,FALSE,TRUE
"GGB3005_SGB3996",0.0744679688502621,0.414088153216714,0.179836028323392,0.859168469485051,0.989847211080645,FALSE,TRUE
"GGB3491_SGB4665",-0.0772256171936447,0.39704413983571,-0.194501339890319,0.851882654407084,0.989847211080645,FALSE,TRUE
"Neglectibacter_timonensis",-0.193971179870808,1.01306923360152,-0.191468829016976,0.856590170521757,0.989847211080645,FALSE,TRUE
"Oscillospiraceae_unclassified_SGB15256",-0.0989077613846117,0.51078531627479,-0.193638615350097,0.854079616284875,0.989847211080645,FALSE,TRUE
"Pseudoflavonifractor_gallinarum",-0.126608440196152,0.706182929609116,-0.17928561409185,0.860973160153541,0.989847211080645,FALSE,TRUE
"Roseburia_hominis",0.047588008991779,0.271946034864957,0.174990633768241,0.862242598234154,0.989847211080645,FALSE,TRUE
"Ruminococcus_bicirculans",-0.106136145620242,0.551951621181538,-0.192292479172434,0.849183892870913,0.989847211080645,FALSE,TRUE
"Actinomyces_oris",0.0742606227673352,0.561187988581239,0.132327534228016,0.896546945043819,0.989887549900411,FALSE,TRUE
"Anaerotignum_faecicola",0.0400728134246173,0.300639993735623,0.133291691922587,0.896677571652097,0.989887549900411,FALSE,TRUE
"Bacteroides_cellulosilyticus",0.0466267305735611,0.30985412564731,0.150479618356393,0.882059686650796,0.989887549900411,FALSE,TRUE
"Bacteroides_clarus",0.0485928656844195,0.399443451544859,0.121651426494752,0.909041642878961,0.989887549900411,FALSE,TRUE
"Bacteroides_fragilis",-0.0506630345011991,0.341339717780104,-0.148424082701788,0.883600464465162,0.989887549900411,FALSE,TRUE
"Clostridia_bacterium",0.0348964654515664,0.273087381359116,0.127784979583794,0.904448259009845,0.989887549900411,FALSE,TRUE
"Clostridium_SGB4648",-0.105280010780479,0.884663707764449,-0.119005685275055,0.908778148946938,0.989887549900411,FALSE,TRUE
"Faecalibacterium_SGB15315",-0.0561180078026615,0.358850329650974,-0.156382767872174,0.877579447885811,0.989887549900411,FALSE,TRUE
"Faecalicatena_contorta",-0.0587469603725076,0.50447123762491,-0.116452546728121,0.909675667403877,0.989887549900411,FALSE,TRUE
"GGB3363_SGB4447",-0.146696253137568,0.894231404459379,-0.164047306330352,0.878976375470864,0.989887549900411,FALSE,TRUE
"GGB36267_SGB14177",0.0498161506512781,0.337323907141954,0.147680462595597,0.908597509050944,0.989887549900411,FALSE,TRUE
"GGB42639_SGB59836",-0.057187518798247,0.349338764503546,-0.16370218426666,0.880395181861121,0.989887549900411,FALSE,TRUE
"GGB47687_SGB2286",0.0704221686398979,0.57566647886136,0.122331543047616,0.905653578369003,0.989887549900411,FALSE,TRUE
"GGB9185_SGB14124",0.0522521772412549,0.37043849157558,0.141054934704576,0.891811777793591,0.989887549900411,FALSE,TRUE
"GGB9342_SGB14306",0.116651610522341,0.692959900117043,0.168338183064617,0.869886157254018,0.989887549900411,FALSE,TRUE
"GGB9608_SGB15042",0.0998146858389818,0.64369047277579,0.155066278064596,0.881894965715238,0.989887549900411,FALSE,TRUE
"GGB9616_SGB15051",0.123829621654585,0.698758725816089,0.177213703499678,0.867952198262573,0.989887549900411,FALSE,TRUE
"GGB9760_SGB15374",0.0420750806588211,0.27931084114686,0.150638909990244,0.884509529452524,0.989887549900411,FALSE,TRUE
"Hungatella_hathewayi",0.0319985586655948,0.263001952072966,0.121666620393439,0.904451124725008,0.989887549900411,FALSE,TRUE
"Massiliimalia_massiliensis",-0.0648774222366814,0.375207329468019,-0.17291086058651,0.865459527769061,0.989887549900411,FALSE,TRUE
"Mediterraneibacter_glycyrrhizinilyticus",0.0548321758749767,0.423310269628657,0.12953188195287,0.898812180668265,0.989887549900411,FALSE,TRUE
"Mediterraneibacter_SGB48424",0.0316275147359656,0.25441863676759,0.124312885006365,0.902566846374757,0.989887549900411,FALSE,TRUE
"Mogibacterium_sp_NSJ_24",-0.0426929069924394,0.357527674365403,-0.119411475120681,0.907572368536118,0.989887549900411,FALSE,TRUE
"Parabacteroides_merdae",-0.0451176729361768,0.279963544983323,-0.161155528084431,0.873765901610118,0.989887549900411,FALSE,TRUE
"Phocaeicola_dorei",-0.0574959629521396,0.352642266418136,-0.163043311671453,0.872043147354105,0.989887549900411,FALSE,TRUE
"Solibaculum_mannosilyticum",0.0578408736144156,0.426498860510144,0.135617885462181,0.89320945903763,0.989887549900411,FALSE,TRUE
"Fusicatenibacter_saccharivorans",0.0257586513252455,0.241880306801107,0.106493379580613,0.915843321643276,0.991243351387901,FALSE,TRUE
"GGB3033_SGB4029",0.0427160239287051,0.397095575492096,0.107571140463526,0.91639808912841,0.991243351387901,FALSE,TRUE
"GGB6601_SGB9333",0.085755176695968,0.76982413903644,0.11139580112843,0.914429334904775,0.991243351387901,FALSE,TRUE
"GGB9707_SGB15229",-0.0328189359803908,0.319896997265232,-0.102592197679118,0.919932385445199,0.993088042339449,FALSE,TRUE
"Agathobaculum_butyriciproducens",-0.00951234787937691,0.286647546790359,-0.0331848222176965,0.973733974859456,0.995884653907803,FALSE,TRUE
"Alistipes_communis",-0.0161267519720498,0.268258691854556,-0.0601164191943251,0.95275829185137,0.995884653907803,FALSE,TRUE
"Alistipes_ihumii",-0.0189041015763374,0.359956198048945,-0.0525177832158538,0.958728324427234,0.995884653907803,FALSE,TRUE
"Alistipes_shahii",-0.0120762254522118,0.215843116329844,-0.055949087733506,0.955845546112716,0.995884653907803,FALSE,TRUE
"Anaerofustis_stercorihominis",0.0399208412685985,0.466208424095519,0.0856287428654857,0.933170093206571,0.995884653907803,FALSE,TRUE
"Bacteroides_finegoldii",-0.00598342958166042,0.253327435963219,-0.0236193508172923,0.981815436006286,0.995884653907803,FALSE,TRUE
"Barnesiella_intestinihominis",-0.0172864377419304,0.235708602692675,-0.073338170709319,0.942130601393752,0.995884653907803,FALSE,TRUE
"Blautia_sp_OF03_15BH",-0.00496271548253408,0.443693264401654,-0.011185014244529,0.991304121209822,0.995884653907803,FALSE,TRUE
"Candidatus_Allochristensenella_caecavium",-0.0202692195670283,0.399086990294531,-0.0507889759875894,0.960187626187627,0.995884653907803,FALSE,TRUE
"Christensenella_minuta",0.0545978038867558,0.56116715969771,0.0972932983394228,0.925665942505799,0.995884653907803,FALSE,TRUE
"Christensenellaceae_bacterium_NSJ_44",0.0595396121579272,0.65253482858506,0.0912435774302368,0.931012037062871,0.995884653907803,FALSE,TRUE
"Clostridiales_bacterium",0.0119801134422625,0.311777903726524,0.0384251523250053,0.969674518730679,0.995884653907803,FALSE,TRUE
"Clostridium_sp_AF20_17LB",0.00383986730402944,0.595398218032731,0.00644924218402405,0.994918298704008,0.995884653907803,FALSE,TRUE
"Coprococcus_SGB4669",0.0278962659924838,0.349763751111226,0.0797574531490334,0.939523995488672,0.995884653907803,FALSE,TRUE
"Evtepia_gabavorous",-0.0100008243347661,0.307381609853514,-0.0325355324267188,0.974627834450696,0.995884653907803,FALSE,TRUE
"GGB2970_SGB3952",0.009307449141308,0.630130874204178,0.0147706603855315,0.988771985102459,0.995884653907803,FALSE,TRUE
"GGB3061_SGB4063",-0.0290528294887626,0.381107125369209,-0.076232711368534,0.941009850732401,0.995884653907803,FALSE,TRUE
"GGB3124_SGB4136",-0.0268169202775568,0.584351143178771,-0.0458917905622247,0.966831832269048,0.995884653907803,FALSE,TRUE
"GGB34540_SGB54300",0.00554016518423305,0.997542863948694,0.00555381165507289,0.995689879020485,0.995884653907803,FALSE,TRUE
"GGB3614_SGB4886",0.0856316740267882,1.03409652968914,0.0828082017183928,0.938879529575334,0.995884653907803,FALSE,TRUE
"GGB4571_SGB6317",0.0232816725161139,1.03033986165785,0.0225961096745815,0.982649965400342,0.995884653907803,FALSE,TRUE
"GGB79634_SGB101324",0.0442883789116572,1.18675543528153,0.0373188759831978,0.972018960911969,0.995884653907803,FALSE,TRUE
"GGB9176_SGB14114",0.0408210231814299,0.738006309666203,0.0553125666363111,0.957256341138862,0.995884653907803,FALSE,TRUE
"GGB9186_SGB14125",-0.0148921371099733,0.588208495049613,-0.0253177865251967,0.980114567191386,0.995884653907803,FALSE,TRUE
"GGB9345_SGB14311",0.00248694099668084,0.449354106726525,0.00553447928805597,0.995689699936429,0.995884653907803,FALSE,TRUE
"GGB9350_SGB14317",0.0790495310083346,1.14244377520899,0.0691933666441255,0.947860562144875,0.995884653907803,FALSE,TRUE
"GGB9619_SGB15066",0.0541068448744342,0.65418291230043,0.082709046441106,0.936849346823108,0.995884653907803,FALSE,TRUE
"GGB9677_SGB15180",-0.0234836653780801,0.685614222502212,-0.0342520102520253,0.9737872458043,0.995884653907803,FALSE,TRUE
"GGB9708_SGB15233",0.00200852914180373,0.376886622095338,0.00532926621443106,0.995884653907803,0.995884653907803,FALSE,TRUE
"GGB9719_SGB15272",0.0116580176800744,0.312137344901632,0.0373489999530442,0.970597492631321,0.995884653907803,FALSE,TRUE
"GGB9762_SGB15377",0.0164828883033841,0.50532844363849,0.0326181684622841,0.974563417331681,0.995884653907803,FALSE,TRUE
"GGB9778_SGB15398",0.0112426320413758,0.54626968990849,0.0205807355763399,0.984872418231588,0.995884653907803,FALSE,TRUE
"GGB9790_SGB15413",-0.00802173628278621,0.303993543712781,-0.0263878508234547,0.980010828255367,0.995884653907803,FALSE,TRUE
"Intestinibacillus_sp_Marseille_P6563",-0.00610218581554431,0.319259223920871,-0.0191135771759464,0.985886340935671,0.995884653907803,FALSE,TRUE
"Lachnospiraceae_bacterium_AM48_27BH",-0.0174791824215904,0.31586366002258,-0.0553377442037518,0.95638054839991,0.995884653907803,FALSE,TRUE
"Lachnospiraceae_bacterium_NSJ_29",0.0180442107886637,0.205582064312469,0.0877713279561095,0.930672480035926,0.995884653907803,FALSE,TRUE
"Microbacterium_sp_T32",0.00890881690689596,0.310988871437171,0.0286467385978338,0.97745179930716,0.995884653907803,FALSE,TRUE
"Paraprevotella_clara",-0.024872532246781,0.443696667015482,-0.0560575142790359,0.957467113216772,0.995884653907803,FALSE,TRUE
"Phocaeicola_vulgatus",0.0214434334452197,0.251549008946172,0.0852455493068879,0.932695160036613,0.995884653907803,FALSE,TRUE
"Ruminococcus_torques",-0.014907653745482,0.213975801510629,-0.0696698114470738,0.944887265353974,0.995884653907803,FALSE,TRUE
