"taxon","lfc_diet2","lfc_diet2:visit2","se_diet2","se_diet2:visit2","W_diet2","W_diet2:visit2","p_diet2","p_diet2:visit2","q_diet2","q_diet2:visit2","diff_diet2","diff_diet2:visit2","passed_ss_diet2","passed_ss_diet2:visit2"
"Actinomyces",0.277203338875701,0.358158631071178,0.469933297284176,0.51792595879901,0.589878053923196,0.691524772965025,0.556428993189511,0.492237632738149,0.999677978673882,0.995669240084206,FALSE,FALSE,TRUE,TRUE
"Adlercreutzia",-0.464172110494234,0.0865696185829355,0.518431469932182,0.330312270519134,-0.895339379291451,0.262084174005642,0.373673943252334,0.794193896511613,0.999677978673882,0.996575050627149,FALSE,FALSE,TRUE,TRUE
"Agathobaculum",0.0361277250625906,-0.106795334737963,0.412261777513718,0.383145863866545,0.0876329726235377,-0.27873283991697,0.930336939161027,0.781340510141503,0.999677978673882,0.996575050627149,FALSE,FALSE,TRUE,TRUE
"Akkermansia",0.475004960526658,-0.702400459385846,0.670948317355282,0.593586211411359,0.707960580926731,-1.18331667057387,0.481181058642807,0.242417155387731,0.999677978673882,0.945800593178484,FALSE,FALSE,FALSE,TRUE
"Alistipes",0.363225318897711,-0.0749892968932966,0.371539034928182,0.302164407158325,0.977623573167547,-0.248173825628657,0.330914198711725,0.804760267875342,0.999677978673882,0.996575050627149,FALSE,FALSE,TRUE,TRUE
"Anaerobutyricum",-0.0410975012307804,0.00684161528996124,0.339677800127663,0.290446374505686,-0.120989659069078,0.0235555196776172,0.903959171418778,0.981281353416206,0.999677978673882,0.997692873954341,FALSE,FALSE,TRUE,TRUE
"Anaerococcus",-0.396029030702751,-0.424382033273745,0.748067062835949,0.631032517952401,-0.529403111535736,-0.672520070203032,0.599364244822762,0.509849449634768,0.999677978673882,0.995669240084206,FALSE,FALSE,TRUE,TRUE
"Anaerofilum",-0.848313986465017,1.02344082708917,0.786797150518577,0.595647727985659,-1.078186399005,1.71819815472176,0.288027633839239,0.0996170588530045,0.999677978673882,0.866436744442411,FALSE,FALSE,TRUE,TRUE
"Anaerofustis",0.383699301365396,-0.181315084166751,0.628916886498056,0.631992469428466,0.610095403069738,-0.286894374438861,0.544153870272881,0.776356966408299,0.999677978673882,0.996575050627149,FALSE,FALSE,TRUE,TRUE
"Anaeromassilibacillus",-0.181762769142447,0.100795348477115,0.441017825839687,0.399515468939964,-0.412143814813778,0.252293981868977,0.681326126085587,0.80191406565604,0.999677978673882,0.996575050627149,FALSE,FALSE,TRUE,TRUE
"Anaerosacchariphilus",-0.0239233765609777,-0.68750337361784,0.547439583949862,0.56386746044029,-0.0437004872544415,-1.21926413891841,0.965306439919735,0.232181451097303,0.999677978673882,0.945800593178484,FALSE,FALSE,FALSE,TRUE
"Anaerostipes",0.393943132631756,-0.274071482914839,0.371429641178812,0.323180748083798,1.06061307164795,-0.848043964684971,0.291397756066619,0.399435856343544,0.999677978673882,0.98248584951608,FALSE,FALSE,TRUE,TRUE
"Anaerotignum",-0.166743062054014,0.238245529983646,0.506050612556773,0.429538726135519,-0.329498785134476,0.554654366387632,0.743276343172117,0.583441134115671,0.999677978673882,0.996575050627149,FALSE,FALSE,TRUE,TRUE
"Anaerotruncus",-0.00017457949627171,0.510192253633915,0.431512762775979,0.46876001185272,-0.000404575510463739,1.08838689464453,0.999677978673882,0.281645031845341,0.999677978673882,0.945800593178484,FALSE,FALSE,TRUE,TRUE
"Bacteroides",-0.219766086664911,0.0864673025148862,0.379945001251741,0.344073737203952,-0.578415523143834,0.251304569821417,0.564224995441312,0.802369704213968,0.999677978673882,0.996575050627149,FALSE,FALSE,TRUE,TRUE
"Barnesiella",-0.205672780673241,0.168701345276813,0.459232539093434,0.417165506292979,-0.447861950460344,0.404399075982884,0.65556531471807,0.687721052058108,0.999677978673882,0.996575050627149,FALSE,FALSE,TRUE,TRUE
"Bifidobacterium",0.671534296184818,-0.849237167358812,0.495131493654041,0.427212259200188,1.35627465590794,-1.98785767278478,0.178406167787153,0.051403594021986,0.999677978673882,0.809285391544321,FALSE,FALSE,FALSE,TRUE
"Bilophila",0.177555040773945,-0.0108942855476549,0.431979725258977,0.369442936867726,0.411026329227601,-0.0294884120400857,0.682211471800578,0.976596492273079,0.999677978673882,0.997692873954341,FALSE,FALSE,TRUE,TRUE
"Bittarella",-0.262814783620318,0.456929761030734,0.453870789546344,0.43305043422727,-0.57905198940652,1.05514213799618,0.564296548900034,0.297318611144541,0.999677978673882,0.945800593178484,FALSE,FALSE,TRUE,TRUE
"Blautia",-0.0175979187585042,-0.177352628190747,0.343968304986954,0.301753591052625,-0.0511614544228766,-0.587739909149309,0.959293053895597,0.558661295853444,0.999677978673882,0.996575050627149,FALSE,FALSE,TRUE,TRUE
"Butyricicoccus",-0.423251422121139,-0.13933327049713,0.712970258486464,0.766577495176683,-0.593645270729304,-0.181760189118279,0.558352189627482,0.859492959376655,0.999677978673882,0.997692873954341,FALSE,FALSE,TRUE,TRUE
"Butyricimonas",0.444982634465929,0.100784247466468,0.511051316926574,0.457332063071371,0.870720062208278,0.220374331048683,0.387432853040697,0.826745668555551,0.999677978673882,0.997692873954341,FALSE,FALSE,TRUE,TRUE
"Candidatus_Allobutyricicoccus",0.0322706232259136,1.917270875006,0.878408381041993,0.85045103985795,0.0367376085228527,2.25441652152749,0.971074088562211,0.0584243464483868,0.999677978673882,0.809285391544321,FALSE,FALSE,TRUE,TRUE
"Candidatus_Allochristensenella",0.47711200335518,-0.111094233834216,0.514398356253876,0.540994513729264,0.927514634435781,-0.205351867745209,0.357409954941154,0.8388313302698,0.999677978673882,0.997692873954341,FALSE,FALSE,TRUE,TRUE
"Candidatus_Aristotella",0.476175440340771,-1.10700462067156,0.647268477177406,0.581192780293303,0.735669134417401,-1.90471158315646,0.469082372352805,0.0791274704361497,0.999677978673882,0.821341206527334,FALSE,FALSE,TRUE,TRUE
"Candidatus_Avimonas",0.268896885065112,0.791189742698436,0.512763255180008,0.580880462393916,0.524407477229846,1.36205259759951,0.601290810833278,0.180000064510175,0.999677978673882,0.943573963194265,FALSE,FALSE,TRUE,TRUE
"Candidatus_Avispirillum",-0.661470150964768,0.0657588450796906,1.16695257528705,1.26479490228405,-0.566835503835328,0.0519917062924108,0.576702335650825,0.959518828248293,0.999677978673882,0.997692873954341,FALSE,FALSE,TRUE,TRUE
"Candidatus_Borkfalkia",0.317350253953593,-1.99303678929321,0.938497675044473,0.863971269378322,0.338147085914256,-2.30683225233557,0.73912486729996,0.065345857501744,0.999677978673882,0.809320095781796,FALSE,FALSE,TRUE,TRUE
"Candidatus_Cibionibacter",0.353291288819168,-0.837684543395407,0.407847943845273,0.365810529551794,0.866232855039715,-2.28994103702202,0.388637133974813,0.0256019047609759,0.999677978673882,0.809285391544321,FALSE,FALSE,TRUE,FALSE
"Candidatus_Gastranaerophilales_unclassified",-0.350341920782182,-0.24904367872128,0.733430559731692,0.90654644880795,-0.477675651953126,-0.274716953608672,0.635590640199092,0.786113189806613,0.999677978673882,0.996575050627149,FALSE,FALSE,TRUE,TRUE
"Candidatus_Geddesella",-0.22322057950942,0.20182703560705,0.677296512564958,0.73513766183163,-0.329575858384494,0.274543185699653,0.743739741681613,0.787307308611103,0.999677978673882,0.996575050627149,FALSE,FALSE,TRUE,TRUE
"Candidatus_Heteroscilispira",-0.655577832092609,1.16452797065391,0.784645986908824,1.50381850998809,-0.835507786989788,0.774380660245453,0.411995853653217,0.446345260825759,0.999677978673882,0.98248584951608,FALSE,FALSE,FALSE,TRUE
"Candidatus_Metalachnospira",0.00223966953438362,-0.951879951602937,0.964349488286774,0.540598955544589,0.00232246665922178,-1.76078762609527,0.998198147893978,0.120396860371314,0.999677978673882,0.909125563010987,FALSE,FALSE,TRUE,TRUE
"Candidatus_Metaruminococcus",0.0194891433673249,-0.302971871585214,0.614720202094358,0.803775286987101,0.0317040879751881,-0.376936037335614,0.974796117226743,0.708341512893024,0.999677978673882,0.996575050627149,FALSE,FALSE,TRUE,TRUE
"Candidatus_Neoclostridium",-0.912380557948928,0.923661636278628,0.829118020788427,1.04047707723495,-1.10042302190142,0.88772896249982,0.282134233390032,0.394760834087351,0.999677978673882,0.98248584951608,FALSE,FALSE,TRUE,TRUE
"Candidatus_Neoruminococcus",0.275040747694097,-1.18756913392243,0.656910118607956,0.550856830596894,0.418688554039827,-2.15585805232843,0.678781393456021,0.0480718378616902,0.999677978673882,0.809285391544321,FALSE,FALSE,TRUE,FALSE
"Candidatus_Parachristensenella",-0.218213989958292,0.289738672737891,1.04887642195322,0.969740794467315,-0.208045471698118,0.298779503132119,0.837202777161913,0.77129322776034,0.999677978673882,0.996575050627149,FALSE,FALSE,TRUE,TRUE
"Candidatus_Pararuminococcus",-0.498737485013231,1.2109651833727,0.470533775592773,0.487148067045647,-1.05993981916586,2.48582569713702,0.292002676822709,0.0167353684992582,0.999677978673882,0.809285391544321,FALSE,FALSE,TRUE,FALSE
"Candidatus_Pseudobutyricicoccus",0.14602961305166,0.00562719042412186,0.45418820056787,0.509515040465605,0.321517848480167,0.0110442086635551,0.748738930595373,0.991247499371419,0.999677978673882,0.997692873954341,FALSE,FALSE,TRUE,TRUE
"Candidatus_Pseudolachnospira",1.03361321882478,-0.375469680856877,0.839032301622458,0.67789980768345,1.23191111572946,-0.553871938893078,0.227883421238547,0.587869089810657,0.999677978673882,0.996575050627149,FALSE,FALSE,TRUE,TRUE
"Candidatus_Pseudoruminococcus",0.989749800142904,-0.23199204989577,0.629296004095622,0.732364420002438,1.5727889478105,-0.316771327988595,0.123101231773184,0.754062277184046,0.999677978673882,0.996575050627149,FALSE,FALSE,TRUE,TRUE
"Candidatus_Pseudoscilispira",-0.278811364368875,1.5851198980135,0.902523771425888,0.73005974618499,-0.308924122772284,2.171219419091,0.762229777229472,0.063144621445098,0.999677978673882,0.809320095781796,FALSE,FALSE,TRUE,TRUE
"Candidatus_Schneewindia",0.654433813195412,0.00939943583265298,0.518532247957767,0.498797909302017,1.26208893617107,0.0188441764838307,0.211965365966816,0.985095998808427,0.999677978673882,0.997692873954341,FALSE,FALSE,TRUE,TRUE
"Candidatus_Woodwardibium",0.29036402532419,0.222747669998089,0.496821866039434,0.483060265192409,0.584442926473656,0.461117765315194,0.561679567889865,0.648277796862923,0.999677978673882,0.996575050627149,FALSE,FALSE,TRUE,TRUE
"Catenibacillus",0.481008586485067,-0.323855359387808,0.585159596381261,0.615639972593122,0.822012643148494,-0.526046673063973,0.414180206234209,0.602318717170294,0.999677978673882,0.996575050627149,FALSE,FALSE,TRUE,TRUE
"Catenibacterium",-1.05896238290106,-2.46436459865703,1.22539424206725,1.78760465638821,-0.864180968497603,-1.37858479493793,0.401097017899402,0.18823702169357,0.999677978673882,0.943573963194265,FALSE,FALSE,TRUE,TRUE
"Christensenella",-0.127781286782307,0.327347315726213,0.601377218295966,0.707736268040813,-0.212481089896258,0.462527258398655,0.832580478073092,0.647455959930787,0.999677978673882,0.996575050627149,FALSE,FALSE,TRUE,TRUE
"Christensenellaceae_unclassified",0.322239712829093,0.217297887275844,0.492958001278219,0.483363957851394,0.653685936719841,0.449553351560916,0.514908723195442,0.655022218275008,0.999677978673882,0.996575050627149,FALSE,FALSE,TRUE,TRUE
"Citrobacter",-0.0987419443945489,1.79502836863241,1.31277638622264,1.44647721810784,-0.0752161186252497,1.24096553071227,0.940943088307236,0.257468561112451,0.999677978673882,0.945800593178484,FALSE,FALSE,TRUE,TRUE
"Clostridia_unclassified",-0.628294620407934,0.242300118744467,0.508442770817712,0.365796657095166,-1.23572338219593,0.662390194236876,0.220714740319569,0.510814400254371,0.999677978673882,0.995669240084206,FALSE,FALSE,FALSE,TRUE
"Clostridiaceae_unclassified",-0.227831884284598,0.676963397807856,0.386094014347623,0.331806138126705,-0.59009431852903,2.04023771720988,0.556503452186288,0.0453654704649654,0.999677978673882,0.809285391544321,FALSE,FALSE,TRUE,FALSE
"Clostridium",0.389483686068045,-0.459995456118172,0.411477167097115,0.412552610615534,0.946549935724916,-1.11499829181023,0.345729603945993,0.268764571294586,0.999677978673882,0.945800593178484,FALSE,FALSE,TRUE,TRUE
"Collinsella",0.323494655483468,0.0505446535249793,0.472188621187475,0.318437335081671,0.68509625384435,0.158727159024917,0.495386572754833,0.87438810678395,0.999677978673882,0.997692873954341,FALSE,FALSE,TRUE,TRUE
"Coprobacillus",-1.50720367892662,0.751140167947938,0.940966636573298,1.02224163189983,-1.60176101930179,0.734797081734923,0.116633333494009,0.470429525097704,0.999677978673882,0.995669240084206,FALSE,FALSE,TRUE,TRUE
"Coprobacter",0.202359346846189,0.437910315124726,0.699839080170389,0.655332295640214,0.289151252880764,0.668226360943983,0.773802187227809,0.509622810519169,0.999677978673882,0.995669240084206,FALSE,FALSE,TRUE,TRUE
"Coprococcus",0.214624409744017,0.027885219604562,0.434165445499965,0.323585314583139,0.494337842793696,0.0861757884176088,0.622414440130161,0.931596257450291,0.999677978673882,0.997692873954341,FALSE,FALSE,TRUE,TRUE
"Corynebacterium",0.87742223175052,-0.405773759159671,1.26640751170052,0.879072036632811,0.692843514938033,-0.461593296396895,0.495528583719267,0.652731151771667,0.999677978673882,0.996575050627149,FALSE,FALSE,TRUE,TRUE
"Dakarella",-1.06142950853679,0.419939059423405,0.971972529666791,0.88090396738818,-1.09203652998369,0.47671377921988,0.28615967926552,0.642548442232432,0.999677978673882,0.996575050627149,FALSE,FALSE,TRUE,TRUE
"Desulfovibrio",0.0042344986648666,0.656131081981206,0.907999184053134,0.649047930391801,0.00466354897585327,1.0109131410143,0.996306594855928,0.323500065694941,0.999677978673882,0.945800593178484,FALSE,FALSE,TRUE,TRUE
"Dialister",0.766308100718311,-0.698863882855048,0.483108099293675,0.382016116726433,1.58620420944854,-1.82940942084785,0.119225030985033,0.0757385116373339,0.999677978673882,0.809320095781796,FALSE,FALSE,FALSE,TRUE
"Dielma",-0.95423596635177,-0.143991307420188,0.726917776814234,0.930522646255342,-1.31271513338657,-0.154742399875645,0.198335470031227,0.877966976775891,0.999677978673882,0.997692873954341,FALSE,FALSE,TRUE,TRUE
"Dorea",-0.288758811811198,0.15261943139788,0.362637932743967,0.297859954090405,-0.796273047406406,0.512386540392596,0.428035604799466,0.610165287512931,0.999677978673882,0.996575050627149,FALSE,FALSE,TRUE,TRUE
"Dysosmobacter",-0.0367372244417587,-0.0894061610458976,0.381588668489255,0.329848908458187,-0.0962744113634319,-0.271051862696193,0.92349751212432,0.787180998609693,0.999677978673882,0.996575050627149,FALSE,FALSE,TRUE,TRUE
"Eggerthella",0.0191644565768736,0.22469608204962,0.579893092641939,0.410490086180647,0.0330482580669519,0.547384917721829,0.97372479501405,0.586486800611633,0.999677978673882,0.996575050627149,FALSE,FALSE,TRUE,TRUE
"Eisenbergiella",-0.629121334457626,0.145308545675203,0.670122332994554,0.665348934040408,-0.938815651235338,0.218394496843633,0.350602896529903,0.828228931725417,0.999677978673882,0.997692873954341,FALSE,FALSE,TRUE,TRUE
"Ellagibacter",-0.0602014915136424,0.366938770617058,0.488386352320501,0.465040022588957,-0.123266121642432,0.789047722332042,0.903074294286315,0.444117433289538,0.999677978673882,0.98248584951608,FALSE,FALSE,TRUE,TRUE
"Enterocloster",0.144788374579803,-0.532675000898758,0.650577148322515,0.493906224861951,0.222553735484152,-1.07849420413286,0.824525634245037,0.286464187451986,0.999677978673882,0.945800593178484,FALSE,FALSE,TRUE,TRUE
"Enterococcus",-0.441736971168695,-0.715032391044005,0.890503807020122,1.01802852405154,-0.496052872190262,-0.702369701978807,0.621798331772075,0.487864021764602,0.999677978673882,0.995669240084206,FALSE,FALSE,TRUE,TRUE
"Erysipelatoclostridium",-0.626232323971879,0.576473164245889,0.602877871263792,0.514428949990838,-1.03873828153475,1.12060793673481,0.303645050833202,0.270713461247626,0.999677978673882,0.945800593178484,FALSE,FALSE,TRUE,TRUE
"Erysipelotrichaceae_unclassified",1.28280245923443,0.00538097199051488,0.920643008660441,0.714163583215895,1.39337663694524,0.00753464908737608,0.176471503344048,0.994093484207642,0.999677978673882,0.997692873954341,FALSE,FALSE,TRUE,TRUE
"Escherichia",-0.153285920217977,-0.476817724525189,0.739025800454676,0.801155334839858,-0.207416195921265,-0.595162640489062,0.836265877226924,0.555545329439126,0.999677978673882,0.996575050627149,FALSE,FALSE,TRUE,TRUE
"Eubacteriaceae_unclassified",0.224955777110471,0.463417759688949,0.529937549141763,0.379896185091056,0.424494881471954,1.21985368075722,0.672723345570906,0.228819352910662,0.999677978673882,0.945800593178484,FALSE,FALSE,TRUE,TRUE
"Eubacteriales_Family_XIII_Incertae_Sedis_unclassified",0.112813815137903,-0.255081717333768,0.431450143526537,0.320572642678389,0.261475901284442,-0.795706443327655,0.794525718307841,0.429832312853569,0.999677978673882,0.98248584951608,FALSE,FALSE,TRUE,TRUE
"Eubacteriales_unclassified",-0.359150173746444,0.71044905136461,0.431304149469683,0.344850699695553,-0.832707439026595,2.06016415797277,0.407243059029731,0.0432821665302856,0.999677978673882,0.809285391544321,FALSE,FALSE,TRUE,FALSE
"Eubacterium",0.318710219502006,0.303005035885205,0.447732252860571,0.353675673794558,0.711832166357817,0.856731345512934,0.478576810244305,0.394959091385929,0.999677978673882,0.98248584951608,FALSE,FALSE,TRUE,TRUE
"Evtepia",0.405719361056229,0.194286550118376,0.374160433654184,0.369379834655701,1.08434597718906,0.525980391700241,0.282598402831797,0.602554680276851,0.999677978673882,0.996575050627149,FALSE,FALSE,FALSE,TRUE
"Faecalibacillus",0.017921502397321,-0.197118486493488,0.464744737088269,0.355946290233757,0.0385620340955408,-0.553787163687075,0.969338255190489,0.581821346859001,0.999677978673882,0.996575050627149,FALSE,FALSE,TRUE,TRUE
"Faecalibacterium",-0.030006432068232,0.078148774926325,0.372344097281584,0.315294110331988,-0.0805879085697973,0.247859926225829,0.935936140855353,0.80499067764068,0.999677978673882,0.996575050627149,FALSE,FALSE,TRUE,TRUE
"Faecalicatena",-0.320322624071548,0.816032727747705,0.705479076269336,0.468247660809683,-0.454049786657678,1.7427374358617,0.651233603289493,0.0876228614707521,0.999677978673882,0.840280774104135,FALSE,FALSE,TRUE,TRUE
"Faecalicoccus",1.02888877726036,-0.0765504208278578,1.17138341081989,0.906506545441066,0.878353549962095,-0.084445524649369,0.401949706275392,0.935459964389755,0.999677978673882,0.997692873954341,FALSE,FALSE,FALSE,TRUE
"Faecalitalea",-0.0308949327446958,1.07668420207214,0.901320669680728,0.696686827328795,-0.0342774040183053,1.54543499293695,0.973380261055103,0.16615821064524,0.999677978673882,0.909125563010987,FALSE,FALSE,TRUE,TRUE
"Firmicutes_unclassified",0.417741535916937,0.774489295678674,0.521113215314073,0.410253811661426,0.801632972721994,1.88782961587166,0.42516215664645,0.0639433783809375,0.999677978673882,0.809320095781796,FALSE,FALSE,TRUE,TRUE
"Flavonifractor",-0.484277397184505,1.01962005065016,0.555072199915085,0.467628305090674,-0.872458388762021,2.18040704454889,0.385440397892488,0.0334210304523095,0.999677978673882,0.809285391544321,FALSE,FALSE,TRUE,FALSE
"Fusicatenibacter",0.170229579732506,-0.264246144268943,0.414724191621997,0.353233074453023,0.410464552517985,-0.748078714537491,0.682419218721163,0.457218077305578,0.999677978673882,0.982756097197048,FALSE,FALSE,TRUE,TRUE
"Gemmiger",-0.516517038263552,-0.137252152442701,0.458165869337745,0.344864910719802,-1.12735817491196,-0.397988163412242,0.263354859163589,0.692174442320453,0.999677978673882,0.996575050627149,FALSE,FALSE,TRUE,TRUE
"GGB10692",0.311545430463725,0.66420448741692,0.861687710887501,1.02473039404656,0.361552597916067,0.648174867531784,0.720385813965188,0.527176701494908,0.999677978673882,0.995778213934827,FALSE,FALSE,TRUE,TRUE
"GGB1266",0.232811716989907,-0.282072977353368,0.986878606173709,1.32327402824729,0.235907147579737,-0.213162936271771,0.817180626614318,0.834506329567018,0.999677978673882,0.997692873954341,FALSE,FALSE,TRUE,TRUE
"GGB13404",0.404129426567564,-0.940675239846856,0.534380326754599,0.55126514237242,0.756258055048406,-1.70639347120439,0.452110045909587,0.095861183146495,0.999677978673882,0.853621011828313,FALSE,FALSE,TRUE,TRUE
"GGB13493",-0.838219332449147,1.05608658789479,1.03914635716057,0.928246211974525,-0.8066422277027,1.13772248598605,0.431643816540523,0.286318092114541,0.999677978673882,0.945800593178484,FALSE,FALSE,TRUE,TRUE
"GGB14025",-0.154979401885231,1.16639630766994,0.549797487776551,0.519743611021898,-0.281884521720874,2.2441763264326,0.778898384719587,0.0303366149754079,0.999677978673882,0.809285391544321,FALSE,FALSE,TRUE,FALSE
"GGB1550",0.42074211902449,0.0599512560084388,1.00323273573902,0.854901317820308,0.4193863537702,0.0701265219257037,0.678727928526231,0.944938999599719,0.999677978673882,0.997692873954341,FALSE,FALSE,TRUE,TRUE
"GGB16040",-0.621557283906246,-0.463186871158901,1.0704260520965,1.45180759346502,-0.580663449557198,-0.319041499193026,0.567681032416864,0.755204213548462,0.999677978673882,0.996575050627149,FALSE,FALSE,TRUE,TRUE
"GGB2653",0.195553985919274,0.162264455388126,0.415087568963808,0.469419505593199,0.471115014134101,0.345670457777579,0.638513934945104,0.730817793268791,0.999677978673882,0.996575050627149,FALSE,FALSE,TRUE,TRUE
"GGB2659",1.27644329435563,1.74120530231332,0.877165134982299,0.657259782650733,1.45519155225132,2.64918887215498,0.175623765491651,0.0825244276128258,0.999677978673882,0.821341206527334,FALSE,FALSE,FALSE,TRUE
"GGB27106",-1.53934511756364,0.912430454721329,1.68476471171857,1.95117505428627,-0.913685517542334,0.467631262872562,0.369668723090603,0.647441984264521,0.999677978673882,0.996575050627149,FALSE,FALSE,TRUE,TRUE
"GGB27377",-0.641023551003567,0.106087308945456,1.36198570885473,0.9234124780913,-0.470653654319612,0.114886154846791,0.647952172878734,0.913193881374394,0.999677978673882,0.997692873954341,FALSE,FALSE,TRUE,TRUE
"GGB2848",-0.0726870188203554,-0.0381065930477125,0.615842587490935,0.523346836841842,-0.118028568171124,-0.0728132671588659,0.906590373843799,0.942824526824375,0.999677978673882,0.997692873954341,FALSE,FALSE,TRUE,TRUE
"GGB2958",0.661130938193966,0.627484517827523,0.948249667480116,0.674008978568464,0.697211885083872,0.93097352970022,0.499499615398052,0.377175716461473,0.999677978673882,0.98248584951608,FALSE,FALSE,TRUE,TRUE
"GGB2970",0.441943197297567,-0.0205123341577639,0.528211477440699,0.576776829414824,0.836678520199673,-0.0355637277915185,0.406018596671172,0.97186960953075,0.999677978673882,0.997692873954341,FALSE,FALSE,FALSE,TRUE
"GGB2977",-0.0354990739998601,-0.335984795209127,0.600529511053944,0.568638431363192,-0.0591129550612064,-0.590858402594551,0.953328125931353,0.562869598736325,0.999677978673882,0.996575050627149,FALSE,FALSE,TRUE,TRUE
"GGB2980",-0.374564993188732,-0.0601654135974921,0.575467163634732,0.450106599782833,-0.650888559519063,-0.13366925440889,0.517890219716344,0.894576678392437,0.999677978673882,0.997692873954341,FALSE,FALSE,TRUE,TRUE
"GGB2982",0.302144249870447,0.965084139932947,0.415887441587757,0.44171857759737,0.72650486563608,2.18483937257588,0.469662421454504,0.0345078673383263,0.999677978673882,0.809285391544321,FALSE,FALSE,FALSE,FALSE
"GGB2983",-0.203878349797314,0.326521198078371,0.891513334912528,1.05655472482036,-0.228687941967035,0.309043337186237,0.823188902304003,0.767738679905135,0.999677978673882,0.996575050627149,FALSE,FALSE,TRUE,TRUE
"GGB2987",0.212427343194681,0.415202687339946,0.580996301130979,0.707550679466434,0.36562598209518,0.586816887311948,0.715816802986946,0.561155686996434,0.999677978673882,0.996575050627149,FALSE,FALSE,TRUE,TRUE
"GGB2998",0.134822332836425,0.407056259426363,0.479142305771738,0.382090335458423,0.281382652319275,1.06534037019802,0.779562845316577,0.293836854601156,0.999677978673882,0.945800593178484,FALSE,FALSE,TRUE,TRUE
"GGB3000",0.5760576433666,0.430402512514424,0.712164904275842,0.841685893344694,0.808882380903561,0.511357640561242,0.422517278093796,0.613383863208161,0.999677978673882,0.996575050627149,FALSE,FALSE,TRUE,TRUE
"GGB3002",0.652348402876684,0.712998474034207,0.713291872765491,0.580903577946086,0.914560263174562,1.22739556288355,0.365622309716334,0.229427686636912,0.999677978673882,0.945800593178484,FALSE,FALSE,TRUE,TRUE
"GGB3005",0.250605697376418,-0.19717193034134,0.538264682732912,0.529960652595924,0.465580792156058,-0.372050131223,0.642853146297267,0.711563679661414,0.999677978673882,0.996575050627149,FALSE,FALSE,TRUE,TRUE
"GGB3032",1.61274097539689,0.243583591991397,1.44451649358005,1.05957069649646,1.11645729388657,0.229888947284803,0.285433428112519,0.824381800828912,0.999677978673882,0.997692873954341,FALSE,FALSE,TRUE,TRUE
"GGB3033",0.587077843429364,-0.380961230265451,0.629561953056059,0.537674202084414,0.932517984257996,-0.708535445421353,0.35745457549356,0.485599263586075,0.999677978673882,0.995669240084206,FALSE,FALSE,TRUE,TRUE
"GGB3034",-0.0762570520044309,0.727099647933237,0.53790557589793,0.507282385962016,-0.141766613735384,1.43332326935491,0.887703122208584,0.160982932547055,0.999677978673882,0.909125563010987,FALSE,FALSE,TRUE,TRUE
"GGB3061",-0.672946129113912,0.47520450442825,0.55025282680409,0.548054036499414,-1.22297623262098,0.867076004883613,0.232691505950698,0.406335654762193,0.999677978673882,0.98248584951608,FALSE,FALSE,TRUE,TRUE
"GGB3109",-0.0766166022226432,0.353011022339746,0.754802238324301,0.563996427503664,-0.101505531293516,0.625910032625964,0.919711976091716,0.537837515283361,0.999677978673882,0.996575050627149,FALSE,FALSE,TRUE,TRUE
"GGB31234",-1.23095863959121,0.72683039011839,2.08247467625123,2.32024914300519,-0.591103773615686,0.313255321011345,0.563252928331554,0.758400236357439,0.999677978673882,0.996575050627149,FALSE,FALSE,TRUE,TRUE
"GGB3124",0.429114053021062,-0.889948824923968,0.898263295874026,0.86150441224377,0.477715225582636,-1.03301714103369,0.638161850473349,0.330447302427772,0.999677978673882,0.945800593178484,FALSE,FALSE,TRUE,TRUE
"GGB3128",1.05380804242098,-0.722961157045002,0.928702886464589,0.844485242998265,1.13470955865405,-0.856096850761059,0.277398182410554,0.45211983249226,0.999677978673882,0.98248584951608,FALSE,FALSE,FALSE,FALSE
"GGB3142",-0.282046239716949,0.627819582771409,0.722352072892902,0.888828411210833,-0.39045536145193,0.706345088492551,0.699138298716308,0.490730988510812,0.999677978673882,0.995669240084206,FALSE,FALSE,TRUE,TRUE
"GGB3175",0.652972002625553,-0.834756208475179,0.748831776269261,0.804822485087113,0.871987572267179,-1.03719295116963,0.388236655350875,0.30986606460615,0.999677978673882,0.945800593178484,FALSE,FALSE,FALSE,TRUE
"GGB3256",0.807364290831379,-0.295532916414471,0.96064381560882,1.08521725089627,0.84044083531595,-0.272326039943055,0.409888783509734,0.789847932240765,0.999677978673882,0.996575050627149,FALSE,FALSE,TRUE,TRUE
"GGB3277",0.193583477925978,0.468714444469581,0.740903748661829,0.459715783782395,0.261280197698575,1.01957440010684,0.797386984005296,0.326530505071498,0.999677978673882,0.945800593178484,FALSE,FALSE,TRUE,TRUE
"GGB3278",0.688190511992505,-0.0232025240632275,0.805476012339347,0.512637792488032,0.854389828436717,-0.0452610486453145,0.411614494014031,0.964887586150603,0.999677978673882,0.997692873954341,FALSE,FALSE,TRUE,TRUE
"GGB3304",-0.273556437148459,0.844530679911063,0.858296228198812,0.806172600731541,-0.31872030676697,1.04758047984354,0.752613937900095,0.31137574494142,0.999677978673882,0.945800593178484,FALSE,FALSE,TRUE,TRUE
"GGB3321",-0.21722304067124,-0.158325084789103,0.929799293540038,0.96014221145023,-0.233623581110934,-0.164897535907689,0.8168896171349,0.871452653093623,0.999677978673882,0.997692873954341,FALSE,FALSE,TRUE,TRUE
"GGB3345",1.00211411399412,-1.39475374571671,1.5240683652953,1.79547057646255,0.657525696886928,-0.776817935086783,0.524436579347008,0.471437867425906,0.999677978673882,0.995669240084206,FALSE,FALSE,TRUE,TRUE
"GGB33469",0.462615765416219,-0.00981142949795094,0.557834836621335,0.433506779820646,0.829305979200162,-0.0226327013893767,0.411004036023399,0.982068793896766,0.999677978673882,0.997692873954341,FALSE,FALSE,FALSE,TRUE
"GGB33512",0.800262874679659,-0.135613210605147,0.684398845130621,0.70989562874549,1.16929314006502,-0.191032604109424,0.2462973332036,0.849521943060678,0.999677978673882,0.997692873954341,FALSE,FALSE,FALSE,TRUE
"GGB3353",-0.303446590995116,1.66356744182369,0.961097860319726,1.0515883933669,-0.31572912969983,1.58195683055934,0.757489665631218,0.157517730132652,0.999677978673882,0.909125563010987,FALSE,FALSE,TRUE,TRUE
"GGB33586",0.852713849851358,-0.612030181342166,0.509358258356258,0.426979043037313,1.67409448234557,-1.43339630204914,0.100350029542474,0.163047944580599,0.999677978673882,0.909125563010987,FALSE,FALSE,FALSE,TRUE
"GGB3363",-0.474783468048899,-0.0412787700267202,1.23690435950748,1.14102054171125,-0.383848164491838,-0.0361770612515109,0.705589560553665,0.971821554462897,0.999677978673882,0.997692873954341,FALSE,FALSE,TRUE,TRUE
"GGB33928",0.281551491450176,-0.043581176013487,0.498696556470333,0.601881788597748,0.564574765550693,-0.072408198485323,0.574106881141041,0.942662366949235,0.999677978673882,0.997692873954341,FALSE,FALSE,TRUE,TRUE
"GGB34228",-0.409286111963615,1.99089834262839,1.00842716610876,1.20243165712539,-0.405865813336759,1.65572681892621,0.690331623477614,0.143682053381038,0.999677978673882,0.909125563010987,FALSE,FALSE,TRUE,TRUE
"GGB3444",0.991358206384766,-0.443703163826176,0.788754003425455,0.663122231789748,1.25686614848156,-0.669112182573993,0.216867391459277,0.513724971930852,0.999677978673882,0.995669240084206,FALSE,FALSE,FALSE,TRUE
"GGB34540",-0.2097992551741,-0.475092545930222,0.940149707751685,1.12740162298383,-0.223155156507811,-0.421404880252721,0.825597808258907,0.681711929088125,0.999677978673882,0.996575050627149,FALSE,FALSE,TRUE,TRUE
"GGB3463",-1.01554540473264,0.654787288639873,0.932847091545331,1.0301414800129,-1.08865152063701,0.635628504767783,0.286512809408607,0.537248330895545,0.999677978673882,0.996575050627149,FALSE,FALSE,TRUE,TRUE
"GGB34797",-0.775061198634876,1.15423327776795,0.451651179350571,0.414075066567934,-1.71606149628423,2.78749765672884,0.0920838981132399,0.00866050009576174,0.999677978673882,0.809285391544321,FALSE,FALSE,TRUE,FALSE
"GGB3486",0.957086847540822,0.203054412414541,1.09653787964114,1.55754718926272,0.872826069496156,0.13036806448905,0.392628986268331,0.897515988633988,0.999677978673882,0.997692873954341,FALSE,FALSE,TRUE,TRUE
"GGB34900",-0.34931183646731,0.848081429369631,0.5093286254392,0.606447307500216,-0.685828007734877,1.39844207218173,0.494429088144788,0.167726373924487,0.999677978673882,0.909125563010987,FALSE,FALSE,TRUE,TRUE
"GGB3491",-0.0550126272676266,-0.159162008355063,0.846477244512675,0.619897542718833,-0.0649900840503964,-0.256755346467399,0.948852969638801,0.801271361011114,0.999677978673882,0.996575050627149,FALSE,FALSE,TRUE,TRUE
"GGB35068",0.433037671391957,0.451293474717897,0.91831001983137,0.528211911569918,0.471559344927409,0.854379586739329,0.647198823731096,0.417543901338304,0.999677978673882,0.98248584951608,FALSE,FALSE,TRUE,TRUE
"GGB3510",0.151674475631278,-0.00869474594813927,0.635546446855829,0.721905790381742,0.238652070799295,-0.0120441559881955,0.812108370006786,0.990460827033169,0.999677978673882,0.997692873954341,FALSE,FALSE,TRUE,TRUE
"GGB3513",0.136238238149174,-0.0203594117718373,1.08181473953852,0.644406204886086,0.125934906569392,-0.0315940653852585,0.901299941250381,0.97578231740673,0.999677978673882,0.997692873954341,FALSE,FALSE,TRUE,TRUE
"GGB3534",0.0481464468111525,-0.0390107732911955,0.607175982147747,0.59558972246937,0.0792957037609514,-0.065499406419327,0.937050621977875,0.948187671567168,0.999677978673882,0.997692873954341,FALSE,FALSE,TRUE,TRUE
"GGB3537",-0.349631015268818,1.00428256654691,0.514792168721444,0.472973985844102,-0.67916925802732,2.12333573643505,0.499570924213519,0.0405453271178816,0.999677978673882,0.809285391544321,FALSE,FALSE,TRUE,FALSE
"GGB3538",-0.13768927419241,1.40764616458014,0.648114236222367,0.708802215482292,-0.212445995624094,1.98595057102401,0.832526360474603,0.0566107490370094,0.999677978673882,0.809285391544321,FALSE,FALSE,TRUE,TRUE
"GGB3570",0.0917484170729677,-0.0415325453103061,0.552099601431307,0.545063762702176,0.166180915246292,-0.0761975903597164,0.868762135217288,0.939823717885541,0.999677978673882,0.997692873954341,FALSE,FALSE,TRUE,TRUE
"GGB3585",0.445629478941649,-0.359832407857253,1.31982952078235,1.77344700626238,0.337641696843919,-0.202900005800351,0.739151279943512,0.841263152367559,0.999677978673882,0.997692873954341,FALSE,FALSE,TRUE,TRUE
"GGB3588",-0.759274042973352,1.02417502975063,1.09041004069212,0.650722536025519,-0.696319746369368,1.57390434947295,0.503112917763695,0.154156117739247,0.999677978673882,0.909125563010987,FALSE,FALSE,TRUE,TRUE
"GGB3593",-0.409930689608634,0.58767172148846,1.10396824768066,1.22543709159456,-0.371324710171567,0.479560905671439,0.714612955491694,0.639402648569731,0.999677978673882,0.996575050627149,FALSE,FALSE,TRUE,TRUE
"GGB3612",-0.691159184920257,1.68018281539722,0.914540297632421,0.72599781202698,-0.755744920928627,2.31430837333541,0.453770717843085,0.0313847110394577,0.999677978673882,0.809285391544321,FALSE,FALSE,TRUE,FALSE
"GGB3614",-2.05822712662315,-0.0670943540902488,1.57317422488705,2.24395210318846,-1.30832751647131,-0.029900082980788,0.209505968059738,0.976759473083553,0.999677978673882,0.997692873954341,FALSE,FALSE,TRUE,TRUE
"GGB3619",-1.07994823393512,0.354513200577044,0.810472095754929,1.09395555621656,-1.33249280214784,0.324065450888268,0.189596207074081,0.748980352047026,0.999677978673882,0.996575050627149,FALSE,FALSE,TRUE,TRUE
"GGB36267",-0.282527837176716,0.93970118939798,0.927420929941138,0.895393097756788,-0.304638194001776,1.04948451328494,0.763646770104949,0.327251310171166,0.999677978673882,0.945800593178484,FALSE,FALSE,TRUE,TRUE
"GGB3653",0.382656365014631,-0.22544938274085,0.515364618590099,0.508235414315128,0.742496382583418,-0.443592430576003,0.459554678736327,0.658987392590756,0.999677978673882,0.996575050627149,FALSE,FALSE,TRUE,TRUE
"GGB3677",-0.227199298436726,1.1510719376115,0.634598602126284,0.501797378706455,-0.358020483618263,2.29389786885448,0.722305541375443,0.0327545141697647,0.999677978673882,0.809285391544321,FALSE,FALSE,TRUE,FALSE
"GGB3678",-0.324629527971186,-0.923452884780433,0.876255312006216,1.15413912678054,-0.370473677617926,-0.800122674426954,0.714151086748789,0.436879515777493,0.999677978673882,0.98248584951608,FALSE,FALSE,TRUE,TRUE
"GGB3730",-0.382616508237078,0.149214372777117,0.41506100972627,0.438437141085515,-0.921831969929941,0.340332418936227,0.369313126703913,0.74141502806542,0.999677978673882,0.996575050627149,FALSE,FALSE,TRUE,TRUE
"GGB3746",-0.917866881064438,0.672555580467781,0.630807699797603,0.646421492279135,-1.45506607062491,1.04042886646065,0.150994397641092,0.305613410388258,0.999677978673882,0.945800593178484,FALSE,FALSE,TRUE,TRUE
"GGB3815",0.276886032848831,0.45400052857912,0.560105138028686,0.569200850568134,0.494346532551627,0.797610418406737,0.623356657125209,0.432601652364834,0.999677978673882,0.98248584951608,FALSE,FALSE,TRUE,TRUE
"GGB3819",-0.509792610044148,0.197853124286191,0.604143260585635,0.575551521238345,-0.843827355700325,0.343762664132125,0.408475887479752,0.737576303836602,0.999677978673882,0.996575050627149,FALSE,FALSE,TRUE,TRUE
"GGB38744",-0.0127963997255534,0.490165886523909,0.542466346006038,0.433679516054751,-0.0235892969578079,1.13024910879588,0.981273400214899,0.266550020373958,0.999677978673882,0.945800593178484,FALSE,FALSE,TRUE,TRUE
"GGB3892",0.887656169251147,-0.697063862024112,0.920112892396405,1.00105834249305,0.964725281632859,-0.696326909666556,0.341989952536628,0.496210231930363,0.999677978673882,0.995669240084206,FALSE,FALSE,TRUE,TRUE
"GGB42378",-0.0935036457261783,1.25859974044093,0.85004898490606,0.952424860890518,-0.109997949984625,1.32146880255114,0.913340328720047,0.220220299380144,0.999677978673882,0.945800593178484,FALSE,FALSE,TRUE,TRUE
"GGB42389",-0.655162924802155,1.18876329804058,0.610940114478367,0.716482225630067,-1.07238485291074,1.65916648803841,0.287229528102734,0.105533232824715,0.999677978673882,0.897032479010075,FALSE,FALSE,FALSE,TRUE
"GGB42639",-0.662300539215002,-1.10680674966364,0.83558535135733,1.21686555234344,-0.792618657255248,-0.909555494879573,0.435173274943452,0.371412027669681,0.999677978673882,0.98248584951608,FALSE,FALSE,TRUE,TRUE
"GGB42994",-1.42980039893674,0.811861594001042,0.789400646776455,0.730619108522297,-1.81124807127456,1.11119677069911,0.0926097145063812,0.302287308427815,0.999677978673882,0.945800593178484,FALSE,FALSE,TRUE,TRUE
"GGB4456",0.327113897123242,-0.935542392173027,0.767293293324623,0.795581710004412,0.426321851069339,-1.17592244820188,0.671404168367451,0.249159702118573,0.999677978673882,0.945800593178484,FALSE,FALSE,TRUE,TRUE
"GGB45432",0.444434204912032,0.0913339277902049,0.482772678899585,0.455956668154878,0.920586902152498,0.200312736207601,0.359854822532558,0.841995856068397,0.999677978673882,0.997692873954341,FALSE,FALSE,TRUE,TRUE
"GGB45491",0.384636738300989,0.202769079118305,0.67475688725744,0.796994038111989,0.570037513606347,0.254417309819089,0.571159421226367,0.801038561387513,0.999677978673882,0.996575050627149,FALSE,FALSE,TRUE,TRUE
"GGB45495",-0.544913413497195,1.05200379147169,0.877131086251044,0.78061133338716,-0.621245127482844,1.34766656142042,0.542293082647533,0.21201560617636,0.999677978673882,0.945800593178484,FALSE,FALSE,TRUE,TRUE
"GGB45497",-0.510929876213476,0.854293612482635,0.774469018494858,0.875762124339861,-0.659716352768304,0.975485909631673,0.514694555870628,0.34364909156464,0.999677978673882,0.959140001829667,FALSE,FALSE,TRUE,TRUE
"GGB4559",-0.971133265990124,0.0584299070423671,1.40203643675547,1.05893807787937,-0.692659078274368,0.0551778317003944,0.505355797819047,0.957715615323077,0.999677978673882,0.997692873954341,FALSE,FALSE,TRUE,TRUE
"GGB45599",-0.128114540324674,-0.68927329164765,1.29527512944574,1.58695427451331,-0.0989091332121038,-0.43433720978447,0.922391868574588,0.674761022459623,0.999677978673882,0.996575050627149,FALSE,FALSE,TRUE,TRUE
"GGB4562",0.496965223983327,-0.797019969768149,0.87219974549256,0.766161559608357,0.569783729646326,-1.04027663587764,0.577341705795877,0.333951485395806,0.999677978673882,0.946195875288118,FALSE,FALSE,TRUE,TRUE
"GGB45620",0.112691324444534,0.366136766700989,0.577224176651592,0.752568436870061,0.195229737427567,0.486516240600995,0.846253248122397,0.629395478449211,0.999677978673882,0.996575050627149,FALSE,FALSE,TRUE,TRUE
"GGB4566",0.590839232598885,-0.6304786716255,0.76586921704738,0.788273826202975,0.77146230641926,-0.799821902830953,0.447313961463494,0.4361461659966,0.999677978673882,0.98248584951608,FALSE,FALSE,TRUE,TRUE
"GGB4567",0.495942780720354,0.17521552624868,0.94910976572039,1.17589980422967,0.522534693702077,0.149005489769143,0.605555413395149,0.886127268509017,0.999677978673882,0.997692873954341,FALSE,FALSE,TRUE,TRUE
"GGB4569",1.65745583358961,-1.32789374024523,1.56727019806468,1.01064719841081,1.05754313176905,-1.31390434004396,0.307006091068536,0.223107045382308,0.999677978673882,0.945800593178484,FALSE,FALSE,TRUE,TRUE
"GGB4571",0.118195190159085,0.480493585177014,1.12421421887066,1.20502348154587,0.105135825695053,0.398742093025945,0.917023270503616,0.695486777640561,0.999677978673882,0.996575050627149,FALSE,FALSE,TRUE,TRUE
"GGB4588",-0.582647105046064,-1.76280879332798,1.27579910397147,0.99619755180649,-0.456691890778357,-1.76953736749436,0.659649823155344,0.13977788738605,0.999677978673882,0.909125563010987,FALSE,FALSE,TRUE,TRUE
"GGB4596",1.54848146852251,-4.57032437486401,1.5710372052142,1.86936957975139,0.985642773693184,-2.44484794465941,0.339033850992306,0.071824829251083,0.999677978673882,0.809320095781796,FALSE,FALSE,TRUE,FALSE
"GGB4599",-2.85246650415822,1.10644453302072,1.16922084077903,1.50763988609088,-2.43963022610654,0.733891788900331,0.0286086746041198,0.475126712680717,0.999677978673882,0.995669240084206,FALSE,FALSE,FALSE,TRUE
"GGB4605",-1.3838826128831,1.18498939851566,1.0923726430846,0.897570674304474,-1.26685945647205,1.32021848801366,0.224072465063743,0.23411644724209,0.999677978673882,0.945800593178484,FALSE,FALSE,TRUE,TRUE
"GGB4651",-0.0635908256826969,0.675251346955405,1.27231692909493,1.54548257533718,-0.0499803344815452,0.436919417747613,0.960815956128352,0.675055640158065,0.999677978673882,0.996575050627149,FALSE,FALSE,TRUE,TRUE
"GGB4676",-0.801026328401714,0.807604693865341,1.16485935983814,1.56224792686035,-0.687659262585157,0.516950402032785,0.503752375388544,0.613872758458012,0.999677978673882,0.996575050627149,FALSE,FALSE,TRUE,TRUE
"GGB4684",0.177546347770025,0.809085242767321,0.783572924155218,0.71478925371022,0.226585608431328,1.13192138601363,0.823315421742428,0.289330102036174,0.999677978673882,0.945800593178484,FALSE,FALSE,TRUE,TRUE
"GGB4699",-0.455224743028169,0.503455509020718,1.09776191440511,1.23204113902468,-0.4146844020134,0.408635306950277,0.685618648650163,0.696215089675233,0.999677978673882,0.996575050627149,FALSE,FALSE,TRUE,TRUE
"GGB4713",-1.57977612379868,0.323056484337288,1.28025655299209,0.969613622791667,-1.23395277306457,0.333180636847034,0.245444902066802,0.753981778411333,0.999677978673882,0.996575050627149,FALSE,FALSE,TRUE,TRUE
"GGB4716",-1.20701376867016,1.20467233852082,1.18768644335924,1.42942785983091,-1.01627308741207,0.842765397522985,0.319680489113202,0.412535510880548,0.999677978673882,0.98248584951608,FALSE,FALSE,TRUE,TRUE
"GGB4745",1.88740279918096,-3.18415464036952,0.777429293512177,0.953311375811902,2.42774849742834,-3.34009928042418,0.0214735140104193,0.00449902965558518,0.999677978673882,0.809285391544321,FALSE,FALSE,FALSE,FALSE
"GGB4750",-0.588777413090345,-0.0116334581331365,1.36508364540381,1.13478260077177,-0.431312333916489,-0.0102517064724332,0.678464290399837,0.99222545296188,0.999677978673882,0.997692873954341,FALSE,FALSE,TRUE,TRUE
"GGB4768",0.976051484746195,-0.177087987939398,1.21462813043462,1.27291039266364,0.803580503603962,-0.139120545295282,0.439529990362023,0.893745588972076,0.999677978673882,0.997692873954341,FALSE,FALSE,FALSE,TRUE
"GGB47687",-0.048624437635875,0.634409350372551,0.572670611713654,0.616402333663679,-0.0849082118783286,1.02921308977181,0.932727685619583,0.314663731341694,0.999677978673882,0.945800593178484,FALSE,FALSE,TRUE,TRUE
"GGB4769",0.743020897890994,-2.64060445512784,1.32592443153821,1.79847070170884,0.560379521047825,-1.46824991511891,0.584110854349391,0.182246411508984,0.999677978673882,0.943573963194265,FALSE,FALSE,TRUE,TRUE
"GGB51441",-0.0598532105885918,0.737894257535176,0.459404715094874,0.490099371406121,-0.130284275763759,1.5056013139093,0.896749276623288,0.141863791746529,0.999677978673882,0.909125563010987,FALSE,FALSE,TRUE,TRUE
"GGB51647",0.635265771175698,-2.61034916816947,1.49442082828133,1.03960051814022,0.425091620214027,-2.51091560904493,0.680169356327569,0.0555097034360728,0.999677978673882,0.809285391544321,FALSE,FALSE,TRUE,TRUE
"GGB51884",0.580102346038863,0.0239255699718983,0.977550783973311,1.35163711852461,0.593424255342524,0.0177011785515438,0.563083604280686,0.986366087612463,0.999677978673882,0.997692873954341,FALSE,FALSE,TRUE,TRUE
"GGB51959",-0.418223034104772,0.150487095718364,0.567083843861279,0.580358340268991,-0.737497706259955,0.259300306856304,0.465941794171844,0.798054465463333,0.999677978673882,0.996575050627149,FALSE,FALSE,TRUE,TRUE
"GGB52106",0.549673915423889,-0.577184418997659,0.656350030544554,0.667004821699342,0.837470693751382,-0.865337701048628,0.406098932270833,0.394659188797716,0.999677978673882,0.98248584951608,FALSE,FALSE,TRUE,TRUE
"GGB52130",0.368246367039866,0.0971361106292712,0.494694940796631,0.430422480424721,0.744390808700938,0.225676201980486,0.459876186696276,0.822724221121848,0.999677978673882,0.997692873954341,FALSE,FALSE,TRUE,TRUE
"GGB58158",-0.430571715072487,0.954292876742896,0.422223195789157,0.39664046482838,-1.01977276323658,2.40593928598738,0.310361274860545,0.0194236773901747,0.999677978673882,0.809285391544321,FALSE,FALSE,TRUE,FALSE
"GGB58233",-0.264365057745831,-1.11545329212395,0.566450572735469,0.711863441764069,-0.466704546645923,-1.56694841549912,0.643196271265895,0.128881851774359,0.999677978673882,0.909125563010987,FALSE,FALSE,TRUE,TRUE
"GGB6544",1.53495064390959,-0.110832572597265,1.43761003820047,1.82247124567245,1.06771002088367,-0.0608144424009116,0.307716044198715,0.953621324670679,0.999677978673882,0.997692873954341,FALSE,FALSE,FALSE,TRUE
"GGB6601",1.00503576630496,0.0710853221194781,1.00492865622378,1.29240545136369,1.00010658476153,0.055002338503348,0.330431368690584,0.957243501808557,0.999677978673882,0.997692873954341,FALSE,FALSE,FALSE,TRUE
"GGB6608",-2.75191937309378,1.05080640859767,0.922447679991916,1.07470392571641,-2.9832796296023,0.977763627221515,0.0105616342652136,0.360764831251502,0.999677978673882,0.98248584951608,FALSE,FALSE,FALSE,TRUE
"GGB6612",0.13633917122685,-0.426577726510873,0.853480677141937,0.955786282350927,0.159744883367965,-0.446310785567699,0.874036057945451,0.660722347248982,0.999677978673882,0.996575050627149,FALSE,FALSE,TRUE,TRUE
"GGB74463",0.754663337176976,-0.665427828402083,0.754393291530762,0.652272834461513,1.00035796400796,-1.02016793164693,0.32742968679993,0.331283095471608,0.999677978673882,0.945800593178484,FALSE,FALSE,TRUE,TRUE
"GGB74802",-1.64439117082036,3.39737608825921,1.05344345589153,0.829071706584828,-1.56096766430496,4.09780729613114,0.151423598669651,0.0133730745791657,0.999677978673882,0.809285391544321,FALSE,FALSE,TRUE,FALSE
"GGB77437",0.479036847905266,-1.79764475668889,0.894233986811222,0.399219777107042,0.535695192724086,-4.50289504622134,0.602893436860253,0.00407350443836221,0.999677978673882,0.809285391544321,FALSE,FALSE,TRUE,FALSE
"GGB79630",2.02795039882952,-0.967115326071203,0.904179037526073,0.980466164728689,2.24286376332966,-0.986383172476757,0.0324482647744951,0.340695311337866,0.999677978673882,0.958045461957608,FALSE,FALSE,FALSE,TRUE
"GGB79634",3.20062508719882,-0.78272365389291,1.93406597132947,1.40821005461674,1.65486862115604,-0.555828763845843,0.120610966844625,0.593254174769143,0.999677978673882,0.996575050627149,FALSE,FALSE,TRUE,TRUE
"GGB79652",-0.527367048336703,0.57621221947925,1.31759058571224,1.54671220169104,-0.400251074996585,0.372540036116138,0.693906786867248,0.716889648660956,0.999677978673882,0.996575050627149,FALSE,FALSE,FALSE,TRUE
"GGB79734",-0.353933276391942,0.13523634128804,0.485306735059765,0.439918760135285,-0.729298092985162,0.307412080463339,0.468538637239541,0.760117410345171,0.999677978673882,0.996575050627149,FALSE,FALSE,TRUE,TRUE
"GGB79890",0.769357141319815,0.156396637774724,0.777924275547936,0.522184475446903,0.988987187445607,0.299504571906078,0.328901733227758,0.766820858012039,0.999677978673882,0.996575050627149,FALSE,FALSE,FALSE,TRUE
"GGB79973",-1.49603891771741,0.972566473751686,0.784060014903272,0.479219470639575,-1.90806684345709,2.0294802973128,0.0656217133067848,0.0527045623534393,0.999677978673882,0.809285391544321,FALSE,FALSE,TRUE,TRUE
"GGB79998",-0.373808487184711,0.0311952321443081,0.96139680321078,1.29362964319099,-0.388818109168141,0.0241145000877986,0.703004920919385,0.981350858635567,0.999677978673882,0.997692873954341,FALSE,FALSE,TRUE,TRUE
"GGB80011",-0.565220973426941,-0.740025026697225,0.63882824824253,0.565894967795799,-0.884777676913805,-1.30770738177736,0.382978936947301,0.20535738416813,0.999677978673882,0.945800593178484,FALSE,FALSE,TRUE,TRUE
"GGB80140",0.329793870509068,-0.364731945693023,0.702744913701797,0.564725031759393,0.469293856246981,-0.645857585870961,0.64174466125423,0.524951643426722,0.999677978673882,0.995778213934827,FALSE,FALSE,FALSE,TRUE
"GGB9059",0.814089424571556,-0.175407741216257,1.69581824581609,1.96526396858376,0.480057002912942,-0.0892540361092875,0.638297154337412,0.930942084500599,0.999677978673882,0.997692873954341,FALSE,FALSE,TRUE,TRUE
"GGB9062",1.27626050238005,-1.48993333710649,1.41227394911406,2.01347422065683,0.903691881579109,-0.739981332674054,0.381445807237359,0.471539028631181,0.999677978673882,0.995669240084206,FALSE,FALSE,TRUE,TRUE
"GGB9063",-0.80767044507324,-0.230003919568842,0.854039970373022,1.12227230375307,-0.945705673143694,-0.204944841639297,0.355595190539785,0.840591835996076,0.999677978673882,0.997692873954341,FALSE,FALSE,TRUE,TRUE
"GGB9109",0.729345371515066,-0.391358503792801,1.00910921137856,1.21887434387231,0.722761583474889,-0.321081911158678,0.475317154657851,0.752130387046613,0.999677978673882,0.996575050627149,FALSE,FALSE,TRUE,TRUE
"GGB9176",0.0156780388170995,-0.521824225101508,0.738423967236471,0.788685089307231,0.0212317577878385,-0.661638253564386,0.983190869501216,0.517433473515214,0.999677978673882,0.995669240084206,FALSE,FALSE,TRUE,TRUE
"GGB9184",-3.75390287496466,3.23325142761455,2.1726150566236,2.39064566259097,-1.72782696295886,1.35245949586288,0.115257324146784,0.254632165174247,0.999677978673882,0.945800593178484,FALSE,FALSE,FALSE,TRUE
"GGB9185",-0.231630617306405,0.219833073062272,0.575658104755853,0.624010347955856,-0.402375325549604,0.352290749315945,0.691075811148013,0.730473629837294,0.999677978673882,0.996575050627149,FALSE,FALSE,TRUE,TRUE
"GGB9186",0.257243987601364,-0.0216584930856034,0.644692469308905,0.663068800075205,0.399018136317186,-0.0326640208122399,0.691823642348492,0.974189907279272,0.999677978673882,0.997692873954341,FALSE,FALSE,TRUE,TRUE
"GGB9189",0.704641641139371,0.00355979574505515,0.700808789099828,0.558127535719819,1.00546918374763,0.00637810449624935,0.330776049815467,0.995025245949116,0.999677978673882,0.997692873954341,FALSE,FALSE,FALSE,TRUE
"GGB9210",1.28906756706092,-0.818926356422512,0.968658757534979,1.15550797178525,1.33077573194228,-0.708715453652193,0.201933967136028,0.534630907614503,0.999677978673882,0.996575050627149,FALSE,FALSE,FALSE,TRUE
"GGB9237",0.309896873571482,0.885693297279015,0.655800487199132,0.740241813470322,0.472547489092338,1.19649185058434,0.639083482151317,0.245249170359284,0.999677978673882,0.945800593178484,FALSE,FALSE,TRUE,TRUE
"GGB9239",1.49117290974055,-2.16912206189421,0.809806597637381,0.927653740082834,1.84139387613174,-2.33828848865582,0.088612829875303,0.0519757546116729,0.999677978673882,0.809285391544321,FALSE,FALSE,FALSE,TRUE
"GGB9240",-0.254309215953751,-1.12353205948124,0.742441320185008,0.732922844497915,-0.342531064799006,-1.53294725074494,0.733974176589385,0.14113689686848,0.999677978673882,0.909125563010987,FALSE,FALSE,TRUE,TRUE
"GGB9291",-0.880963646107656,0.820695951316916,1.36064307095226,1.11498127074401,-0.647461237200952,0.736062544592589,0.528433003125059,0.484874099470792,0.999677978673882,0.995669240084206,FALSE,FALSE,TRUE,TRUE
"GGB9293",-0.661781111965896,0.627686684282637,0.769349819885975,0.80541551797876,-0.860182318706434,0.779332742256886,0.398884270905042,0.450057961329429,0.999677978673882,0.98248584951608,FALSE,FALSE,TRUE,TRUE
"GGB9296",0.329653403248009,-0.345977285150987,0.709131394624529,0.761426385059236,0.464869283389369,-0.454380478454357,0.644387593721114,0.653430775197589,0.999677978673882,0.996575050627149,FALSE,FALSE,TRUE,TRUE
"GGB9299",-1.34296588713222,0.238870994823405,0.868556788295413,0.804935527999442,-1.54620389274472,0.296757922236438,0.133414032235737,0.772803956929083,0.999677978673882,0.996575050627149,FALSE,FALSE,TRUE,TRUE
"GGB9302",0.426551287151557,0.0157908490699141,0.870691767951539,0.580659228136677,0.489899299444506,0.027194692350945,0.632540628655005,0.978993038795422,0.999677978673882,0.997692873954341,FALSE,FALSE,TRUE,TRUE
"GGB9342",0.960727894657802,-0.821537050272865,0.689090942878437,0.669166297876048,1.39419608483707,-1.22770237066697,0.170237861366901,0.230300547199343,0.999677978673882,0.945800593178484,FALSE,FALSE,FALSE,TRUE
"GGB9343",0.165347910044599,0.421451509635835,1.28092446183615,1.31585255031795,0.129084825039238,0.320287793289605,0.898771465672886,0.758122373092731,0.999677978673882,0.996575050627149,FALSE,FALSE,TRUE,TRUE
"GGB9345",1.36399930980744,-1.17012940409615,0.84881041882886,0.721440714548664,1.60695401417127,-1.6219342497577,0.115960968077336,0.116606866536607,0.999677978673882,0.909125563010987,FALSE,FALSE,FALSE,TRUE
"GGB9350",2.66309896137049,0.372606036295743,0.977367816376718,1.19055563674212,2.72476637428382,0.312968184599382,0.012194022793399,0.761447615445926,0.999677978673882,0.996575050627149,FALSE,FALSE,FALSE,TRUE
"GGB9444",0.0893909457055624,-2.64346509803425,1.17316719842224,0.854147337053781,0.0761962538892851,-3.09485844345354,0.940938939328594,0.0236014405005393,0.999677978673882,0.809285391544321,FALSE,FALSE,TRUE,FALSE
"GGB9453",-0.268777936702005,0.750652523864581,0.542415197603877,0.531377426796855,-0.495520659983963,1.41265414375902,0.621804095185765,0.165669370150226,0.999677978673882,0.909125563010987,FALSE,FALSE,TRUE,TRUE
"GGB9469",-0.631063625677095,1.59550911491962,1.08836408963758,0.695726205361968,-0.579827680539549,2.29330029920249,0.568206687219911,0.0407883337923399,0.999677978673882,0.809285391544321,FALSE,FALSE,TRUE,FALSE
"GGB9501",0.241994780994682,0.503853713887007,0.697044441987576,0.542146739735981,0.347172671378958,0.929367783586372,0.731264988770275,0.366442766218249,0.999677978673882,0.98248584951608,FALSE,FALSE,TRUE,TRUE
"GGB9512",-1.3289960887329,0.513319610695924,0.643478830169736,0.64930958288767,-2.06532993227197,0.790562197485274,0.0591556814578817,0.454465379588989,0.999677978673882,0.98248584951608,FALSE,FALSE,TRUE,TRUE
"GGB9522",0.0110717325240162,0.424140035887188,0.461593102014955,0.414077513234015,0.0239859141648471,1.02430106038501,0.980946326289245,0.312189602138917,0.999677978673882,0.945800593178484,FALSE,FALSE,TRUE,TRUE
"GGB9524",-0.0115767262964025,0.766383889951793,0.624424569696954,0.594397017011312,-0.0185398314836024,1.28934679686861,0.985285633873037,0.20738853442916,0.999677978673882,0.945800593178484,FALSE,FALSE,TRUE,TRUE
"GGB9531",-0.0242521810555738,0.570160991254699,0.58085629056419,0.538689532342823,-0.041752463474257,1.05842225813263,0.966864787722035,0.302027638526368,0.999677978673882,0.945800593178484,FALSE,FALSE,TRUE,TRUE
"GGB9534",0.0407577124625174,-0.00526896137270405,0.635978326113497,0.79534846402957,0.0640866375299144,-0.00662472062372419,0.949118068002205,0.994757779453892,0.999677978673882,0.997692873954341,FALSE,FALSE,TRUE,TRUE
"GGB9537",-0.262803198918555,0.155535869230006,1.21627687261422,1.55272120450935,-0.216071854062058,0.100169862289705,0.831151631392295,0.92195616104463,0.999677978673882,0.997692873954341,FALSE,FALSE,TRUE,TRUE
"GGB9545",0.0952610630083665,-0.940560758334306,0.761179420590945,0.480749022200703,0.125149288632121,-1.95644861434922,0.901274294490691,0.072672597921391,0.999677978673882,0.809320095781796,FALSE,FALSE,TRUE,TRUE
"GGB9551",1.14457100772173,-1.03804131214864,0.750497100887894,0.805687029496712,1.52508384958133,-1.28839273085615,0.142841190349277,0.224267003244771,0.999677978673882,0.945800593178484,FALSE,FALSE,FALSE,TRUE
"GGB9559",-0.044289807925092,0.104296966597558,0.468687855226686,0.424956542273486,-0.0944974516219772,0.245429723330241,0.925021430693843,0.80743824320598,0.999677978673882,0.996575050627149,FALSE,FALSE,TRUE,TRUE
"GGB9581",-0.264025045527243,-1.05819769124319,1.21552070690651,0.611623766848304,-0.217211474907066,-1.7301448187602,0.832729992492049,0.134506924761789,0.999677978673882,0.909125563010987,FALSE,FALSE,TRUE,TRUE
"GGB9602",-1.03620265780376,0.198829144701064,0.71335129542312,0.43401062058854,-1.45258397153277,0.45812045896813,0.154829793267308,0.650117498646252,0.999677978673882,0.996575050627149,FALSE,FALSE,TRUE,TRUE
"GGB9608",-0.127409508374923,0.125717750722648,0.471390220640896,0.412956110799607,-0.270284581215323,0.30443368540841,0.78820266168197,0.762920030695539,0.999677978673882,0.996575050627149,FALSE,FALSE,TRUE,TRUE
"GGB9611",-0.10758744914582,-2.06513321153699,0.926356648298017,1.35857885564324,-0.116140418858642,-1.52006871221268,0.90890219887038,0.146874031859652,0.999677978673882,0.909125563010987,FALSE,FALSE,TRUE,TRUE
"GGB9614",-0.210587041147962,1.02567081633158,0.577825378662298,0.548576214094582,-0.364447545788807,1.86969611510488,0.716645987004481,0.0698143558770434,0.999677978673882,0.809320095781796,FALSE,FALSE,TRUE,TRUE
"GGB9616",-2.15833670325137,-0.51643826578542,0.862047115056168,1.11739818804621,-2.50373403675359,-0.462179258307569,0.0186359596162433,0.650471779717293,0.999677978673882,0.996575050627149,FALSE,FALSE,FALSE,TRUE
"GGB9618",1.54348102376084,-1.17342601118792,0.939178392527939,1.12246376201948,1.64343753651139,-1.04540213314036,0.11360470662523,0.314981627189999,0.999677978673882,0.945800593178484,FALSE,FALSE,FALSE,TRUE
"GGB9619",-0.289562298182759,0.314860738559157,0.515883508287727,0.576312701662036,-0.561293961778013,0.546336628797397,0.575969472886537,0.587457336159179,0.999677978673882,0.996575050627149,FALSE,FALSE,TRUE,TRUE
"GGB9621",0.12885592035433,0.109075235850262,0.716555064196537,0.747666797218356,0.179826962075573,0.145887494611328,0.85806537736659,0.885301450282726,0.999677978673882,0.997692873954341,FALSE,FALSE,TRUE,TRUE
"GGB9627",0.72916393734811,-0.279477781421751,0.586133270598563,0.619842035627254,1.24402413908953,-0.450885492364084,0.219814511591963,0.656325068217218,0.999677978673882,0.996575050627149,FALSE,FALSE,TRUE,TRUE
"GGB9634",-0.437476546149499,1.17265829676379,0.817208839224047,0.674582006319034,-0.535330169170575,1.73834802259638,0.595488838785593,0.0956013918330913,0.999677978673882,0.853621011828313,FALSE,FALSE,TRUE,TRUE
"GGB9635",1.66759689420475,0.348280139325261,0.646717847232812,0.510383743921203,2.57855400363558,0.682388777999621,0.0136904592231075,0.500788704840195,0.999677978673882,0.995669240084206,FALSE,FALSE,TRUE,TRUE
"GGB9636",-0.676437507405633,0.748463839640951,1.12672728767985,1.58692855216601,-0.600356017646958,0.471643060816676,0.558590221926523,0.644999310050762,0.999677978673882,0.996575050627149,FALSE,FALSE,TRUE,TRUE
"GGB9640",0.310170366949846,-0.302800664373596,0.587737276213099,0.528058424276445,0.527736421532307,-0.573422656382196,0.604718474275047,0.577893371949647,0.999677978673882,0.996575050627149,FALSE,FALSE,TRUE,TRUE
"GGB9641",0.377133357484124,0.36591327795603,0.565665925946708,0.562064521954518,0.666706867402252,0.651016500176184,0.507466665876191,0.519132357797915,0.999677978673882,0.995669240084206,FALSE,FALSE,TRUE,TRUE
"GGB9642",0.150547434419702,0.0394046592271086,0.42705998956158,0.323823854435735,0.352520578137639,0.121685474023436,0.731016045609281,0.905821765888742,0.999677978673882,0.997692873954341,FALSE,FALSE,FALSE,TRUE
"GGB9646",0.163294601442667,0.473433491185386,0.530294372106108,0.537201940335281,0.307931990290843,0.881295199510829,0.759306604951805,0.385192812411856,0.999677978673882,0.98248584951608,FALSE,FALSE,TRUE,TRUE
"GGB9677",-0.338233192304775,-0.395719267469843,1.1075888079821,1.00998238732959,-0.305377943391281,-0.391808087382724,0.762408130413899,0.700154149370622,0.999677978673882,0.996575050627149,FALSE,FALSE,TRUE,TRUE
"GGB9694",-0.790398013071457,0.785931221981193,1.73374338626134,1.285750081353,-0.455891004017544,0.611262821118514,0.654528436785458,0.572045357645371,0.999677978673882,0.996575050627149,FALSE,FALSE,TRUE,TRUE
"GGB9699",-0.110594372655314,0.482178023945414,0.55109793051408,0.487659337514893,-0.200680072509342,0.98875995362375,0.841479646080073,0.32777236160977,0.999677978673882,0.945800593178484,FALSE,FALSE,TRUE,TRUE
"GGB9707",1.1930500588348,-0.25147354371915,0.509731000686134,0.433201723897484,2.34054836223198,-0.580499868413869,0.023107586654376,0.565393209628654,0.999677978673882,0.996575050627149,FALSE,FALSE,FALSE,TRUE
"GGB9708",0.506935213381429,-0.369199205449425,0.564040547301489,0.434877143087402,0.898756686565769,-0.848973580971172,0.37263265258356,0.401155268395345,0.999677978673882,0.98248584951608,FALSE,FALSE,TRUE,TRUE
"GGB9712",0.176066463487458,0.203138320651466,0.582803217283982,0.528190919463285,0.302102765163128,0.384592603102459,0.76592025089306,0.707225413636093,0.999677978673882,0.996575050627149,FALSE,FALSE,TRUE,TRUE
"GGB9713",0.429832954295481,-0.421266080108003,0.478571205575846,0.413183627122041,0.898158830467622,-1.019561406734,0.372855183863778,0.314426394476083,0.999677978673882,0.945800593178484,FALSE,FALSE,FALSE,TRUE
"GGB9719",-0.255997495003785,0.0575030852333066,0.48731146711516,0.387796248225304,-0.52532622825247,0.148281695597783,0.600822040784711,0.882668371253998,0.999677978673882,0.997692873954341,FALSE,FALSE,TRUE,TRUE
"GGB9724",0.80359047081978,-0.15204522662039,0.874510831425799,1.14195135725612,0.918902821946309,-0.133145099092245,0.366288679767614,0.895952192267555,0.999677978673882,0.997692873954341,FALSE,FALSE,TRUE,TRUE
"GGB9747",0.258440078418064,-0.432970028870979,0.756561995756912,0.520826298333183,0.341598018229166,-0.831313684152714,0.735818857563415,0.417324584248396,0.999677978673882,0.98248584951608,FALSE,FALSE,TRUE,TRUE
"GGB9758",-1.21885875653927,0.757593662243492,0.644415953510249,0.660039052964348,-1.89141617289256,1.14780126848708,0.0634941229784648,0.259637668422101,0.999677978673882,0.945800593178484,FALSE,FALSE,TRUE,TRUE
"GGB9759",-0.465110967125434,0.995886412793561,0.676440514728293,0.627282679539975,-0.687585910362356,1.58761981683267,0.498144607104477,0.132837805427205,0.999677978673882,0.909125563010987,FALSE,FALSE,TRUE,TRUE
"GGB9760",-0.213651746091379,0.224005771387826,0.393212321224073,0.37250996790381,-0.543349571107739,0.601341683951042,0.58836060926558,0.550390257740739,0.999677978673882,0.996575050627149,FALSE,FALSE,FALSE,TRUE
"GGB9762",0.391374059556746,-0.532746826368981,0.865307891818646,0.647960585840839,0.452294568508075,-0.822190173307611,0.657382719757109,0.431815378508589,0.999677978673882,0.98248584951608,FALSE,FALSE,TRUE,TRUE
"GGB9765",-0.145770728827689,0.334876000753238,0.595151926362986,0.559526572282245,-0.244930281446795,0.598498833375004,0.807378855301658,0.553555904682787,0.999677978673882,0.996575050627149,FALSE,FALSE,TRUE,TRUE
"GGB9766",-0.399710051081385,0.076461497683263,0.674295375061348,0.659950224569142,-0.592781836958349,0.115859491877864,0.560794150064137,0.909851960122851,0.999677978673882,0.997692873954341,FALSE,FALSE,TRUE,TRUE
"GGB9767",1.18899572785219,-0.93233609280743,0.851631215263642,0.683404581675629,1.39613920502445,-1.36425203723605,0.172797312213252,0.189219377645909,0.999677978673882,0.943573963194265,FALSE,FALSE,FALSE,TRUE
"GGB9770",0.757135709067345,0.242452535452369,0.593300662478862,0.554474630494119,1.27614168826977,0.437265335722048,0.206713205739576,0.664493582422575,0.999677978673882,0.996575050627149,FALSE,FALSE,FALSE,TRUE
"GGB9774",-0.626266472510716,0.670863038993961,0.663399669267717,0.378080927859358,-0.944025904025563,1.77439005662701,0.372302777416581,0.122472691972388,0.999677978673882,0.909125563010987,FALSE,FALSE,TRUE,TRUE
"GGB9775",0.114588552840894,-0.0346777174024433,0.708664202959923,0.788887995074016,0.161696544516126,-0.0439577197510652,0.872330173275567,0.965357968465252,0.999677978673882,0.997692873954341,FALSE,FALSE,TRUE,TRUE
"GGB9778",0.481221413776454,0.304219518188082,1.01087075141649,0.588052362642817,0.476046431358448,0.517334063281138,0.644414512704083,0.623081156186408,0.999677978673882,0.996575050627149,FALSE,FALSE,TRUE,TRUE
"GGB9781",-0.113092818210632,0.797749004918155,0.582924998790084,0.619552279600401,-0.194009209495848,1.28762177331135,0.846794026163139,0.20741015750163,0.999677978673882,0.945800593178484,FALSE,FALSE,TRUE,TRUE
"GGB9782",-0.377146209418798,0.621317717545015,0.685342983278775,0.68540163541878,-0.550302868228808,0.906501656018649,0.585403672588777,0.37480453360484,0.999677978673882,0.98248584951608,FALSE,FALSE,TRUE,TRUE
"GGB9786",0.675442431801588,-0.766057686253561,0.618102474523183,0.7175133711173,1.09276771998468,-1.0676563212483,0.282595690874608,0.300103613971019,0.999677978673882,0.945800593178484,FALSE,FALSE,FALSE,TRUE
"GGB9787",0.296104355191492,-0.53519465523633,0.719308384802064,0.491469524265389,0.411651471674382,-1.08896814311385,0.683271367442681,0.287011763856146,0.999677978673882,0.945800593178484,FALSE,FALSE,FALSE,TRUE
"GGB9788",-1.50401790892298,1.07520945983787,0.701885258545473,0.522077657355546,-2.14282589726956,2.05948185042829,0.041282326777479,0.0535157169897011,0.999677978673882,0.809285391544321,FALSE,FALSE,FALSE,TRUE
"GGB9790",-0.575790778212244,0.381093481832234,0.589755203591173,0.495818630898875,-0.976321658047447,0.768614687070847,0.339766221609238,0.453968597957484,0.999677978673882,0.98248584951608,FALSE,FALSE,TRUE,TRUE
"GGB9818",0.388056998307003,-0.439776814037787,0.619752239762856,0.557409505669231,0.626148601666192,-0.788965400777992,0.536261073708128,0.440298415700654,0.999677978673882,0.98248584951608,FALSE,FALSE,TRUE,TRUE
"Gordonibacter",-0.549506936552792,0.797213639167945,0.527756312987566,0.393166669868842,-1.04121338396143,2.02767350404827,0.30138544872782,0.0477546759485298,0.999677978673882,0.809285391544321,FALSE,FALSE,TRUE,FALSE
"Granulicatella",-0.00828228347929167,0.614486940573042,0.78529687727365,0.894051312015798,-0.0105466909636081,0.687306122494884,0.991669323257392,0.502464919798455,0.999677978673882,0.995669240084206,FALSE,FALSE,TRUE,TRUE
"Haemophilus",-0.34645403325678,-0.955732664713331,0.707095023655173,0.654781317521569,-0.489968139594395,-1.45962115768804,0.626348328936317,0.158811473345074,0.999677978673882,0.909125563010987,FALSE,FALSE,TRUE,TRUE
"Harryflintia",-0.220152748375244,1.01176075931274,0.556753078038914,0.691816129318055,-0.395422597663405,1.46247061384658,0.694516436502081,0.156196032335503,0.999677978673882,0.909125563010987,FALSE,FALSE,TRUE,TRUE
"Holdemanella",-0.65934268480462,0.642388165350249,0.622750728010843,0.455065429309092,-1.05875859336312,1.41163912698348,0.30953837715074,0.188406095085584,0.999677978673882,0.943573963194265,FALSE,FALSE,TRUE,TRUE
"Holdemania",0.180669371436766,0.000523440246907067,0.407684566892626,0.341930134597779,0.443159702644202,0.00153083976503797,0.658766799792073,0.998783733195777,0.999677978673882,0.998783733195777,FALSE,FALSE,TRUE,TRUE
"Hungatella",0.389541037769899,-0.123142869449667,0.507315020591961,0.470244757646461,0.767848421510096,-0.261869733680792,0.444970193689186,0.794757922013978,0.999677978673882,0.996575050627149,FALSE,FALSE,TRUE,TRUE
"Hydrogeniiclostidium",0.798783129013915,-0.564037079274671,0.529655637075518,0.519215469456503,1.50811786583521,-1.08632564408199,0.136394118266762,0.28436309453774,0.999677978673882,0.945800593178484,FALSE,FALSE,TRUE,TRUE
"Hydrogenoanaerobacterium",0.2446701354848,0.0649619362346985,0.422107515749427,0.388450606292214,0.579639372330062,0.167233453063092,0.56376980172649,0.867904361162244,0.999677978673882,0.997692873954341,FALSE,FALSE,TRUE,TRUE
"Intestinibacillus",0.730114128451002,0.618862076056351,0.950470769587991,0.962759050405862,0.768160528248008,0.64280058005735,0.456864342170753,0.548843403153163,0.999677978673882,0.996575050627149,FALSE,FALSE,TRUE,TRUE
"Intestinibacter",0.609301379398245,-0.462053681653408,0.563758063567158,0.539266782412629,1.08078521403829,-0.856818362863411,0.283084876943282,0.396840070849248,0.999677978673882,0.98248584951608,FALSE,FALSE,TRUE,TRUE
"Intestinimonas",0.753906137940747,-0.125181881591402,0.508090970029294,0.381229308420703,1.48380148912562,-0.328363740211858,0.141940956109023,0.743904737635189,0.999677978673882,0.996575050627149,FALSE,FALSE,TRUE,TRUE
"Lachnoclostridium",0.254948288561873,-0.277143567476584,0.585577384297213,0.501580688374391,0.435379328844558,-0.552540346748195,0.664700340036367,0.583456299374469,0.999677978673882,0.996575050627149,FALSE,FALSE,TRUE,TRUE
"Lachnospira",-0.00873480477556732,0.724943994004778,0.474929345020966,0.458811111921997,-0.0183917984162081,1.58004890284354,0.98535974309165,0.118821720428136,0.999677978673882,0.909125563010987,FALSE,FALSE,TRUE,TRUE
"Lachnospiraceae_unclassified",-0.480501576826846,-0.262432818768279,0.439250970582441,0.401670438559143,-1.0939112466609,-0.653353579391274,0.276573346618621,0.515950520331895,0.999677978673882,0.995669240084206,FALSE,FALSE,TRUE,TRUE
"Lachnotalea",1.15207434165559,-0.861079046522684,0.684489024912517,0.7078626417895,1.68311587143832,-1.21644934438954,0.0985528167135222,0.23634729555976,0.999677978673882,0.945800593178484,FALSE,FALSE,TRUE,TRUE
"Lacrimispora",0.279174076780815,0.591666500422382,0.566324348119485,0.396025358756556,0.49295792721579,1.49401165188033,0.623409845828996,0.140091099996763,0.999677978673882,0.909125563010987,FALSE,FALSE,TRUE,TRUE
"Lacticaseibacillus",-0.615963785357961,0.203112538717887,0.647269725968779,0.776721591992228,-0.951633856250636,0.26149979711124,0.34560626969082,0.795214581858437,0.999677978673882,0.996575050627149,FALSE,FALSE,TRUE,TRUE
"Lactobacillus",0.0422855304724424,0.18730828147391,0.822226372775056,1.1237741351649,0.05142808826446,0.166677872014222,0.959217353944301,0.868872783216625,0.999677978673882,0.997692873954341,FALSE,FALSE,TRUE,TRUE
"Lactococcus",-1.019081361257,-1.00594870578788,0.716088516268282,0.909763219211319,-1.42312205559124,-1.10572584662188,0.158388852178279,0.275463427978057,0.999677978673882,0.945800593178484,FALSE,FALSE,TRUE,TRUE
"Lactonifactor",-1.25880074815925,0.397628734010494,1.09054843724627,1.32957090631716,-1.15428229060401,0.299065459481138,0.26646908058104,0.771265996954403,0.999677978673882,0.996575050627149,FALSE,FALSE,TRUE,TRUE
"Latilactobacillus",0.553562127450166,1.38946902395365,1.23936291457458,1.54353080198294,0.446650550004703,0.900188724558415,0.660220076551431,0.382901338642515,0.999677978673882,0.98248584951608,FALSE,FALSE,TRUE,TRUE
"Lawsonibacter",-0.144489418276723,0.416172132841693,0.387758226842107,0.330345123615017,-0.372627602136106,1.25981012913845,0.7102595965407,0.212194345983569,0.999677978673882,0.945800593178484,FALSE,FALSE,TRUE,TRUE
"Lawsonibacter_1",0.660681816740329,-0.904793179263328,0.684984652256669,0.740323325819072,0.964520613073191,-1.22215949127672,0.33908392342457,0.229925096097235,0.999677978673882,0.945800593178484,FALSE,FALSE,TRUE,TRUE
"Leuconostoc",-0.99748010656212,0.733579540351103,0.763906753221851,1.07772222058624,-1.30576160291181,0.680675898054755,0.200400016247535,0.500686115553506,0.999677978673882,0.995669240084206,FALSE,FALSE,TRUE,TRUE
"Longicatena",-2.05201119820662,0.374549899575683,1.26319353886649,1.02957855836301,-1.62446302571177,0.363789529738461,0.14465660271303,0.729509826771812,0.999677978673882,0.996575050627149,FALSE,FALSE,TRUE,TRUE
"Massiliimalia",-0.242691091922601,0.704826616994332,0.43604664963804,0.414109601718614,-0.556571394652515,1.70202915863144,0.579111734433965,0.0942852461634609,0.999677978673882,0.853621011828313,FALSE,FALSE,TRUE,TRUE
"Massilimicrobiota",0.0030931421718148,0.37255149583878,0.591182339048626,0.609809952024585,0.00523212885011502,0.61093049498766,0.995841109579826,0.545036641258675,0.999677978673882,0.996575050627149,FALSE,FALSE,TRUE,TRUE
"Massilioclostridium",-0.140796323443403,0.456359214979593,0.462994254629387,0.391147247202568,-0.304099504552397,1.1667197410781,0.761924202338768,0.249048354598557,0.999677978673882,0.945800593178484,FALSE,FALSE,TRUE,TRUE
"Massilistercora",0.341200469044706,0.076591923916868,1.39569635971512,0.410262474450076,0.244466116623209,0.186690054993534,0.81134007969006,0.859243058414609,0.999677978673882,0.997692873954341,FALSE,FALSE,TRUE,TRUE
"Mediterraneibacter",-0.59914637804554,0.379811174393147,0.412533850853875,0.348549567849953,-1.45235688369672,1.08969056176438,0.149658413848404,0.279711262466319,0.999677978673882,0.945800593178484,FALSE,FALSE,FALSE,TRUE
"Merdibacter",-0.115140827558246,1.74251977744676,0.969189253743646,0.811661887086004,-0.118801180588308,2.14685425689099,0.907553856171327,0.0749972618992482,0.999677978673882,0.809320095781796,FALSE,FALSE,TRUE,TRUE
"Merdimonas",-1.13804408089758,0.883684346907963,0.65749334344428,0.545873643877568,-1.73088304580535,1.61884413512033,0.0930159483454978,0.124105621470622,0.999677978673882,0.909125563010987,FALSE,FALSE,FALSE,TRUE
"Methanobrevibacter",-0.850257096811868,0.472977378598216,0.695847214306734,0.767678192925145,-1.22190199131425,0.616114125628596,0.228934774715411,0.544141952877432,0.999677978673882,0.996575050627149,FALSE,FALSE,TRUE,TRUE
"Methylobacterium",0.603933498466559,-0.166204058879395,0.579566335779271,0.50462697371141,1.04204378547026,-0.329360235456707,0.301370947047851,0.743924087179406,0.999677978673882,0.996575050627149,FALSE,FALSE,TRUE,TRUE
"Microbacterium",0.414847867137163,-0.109873510285774,0.413151367513002,0.456515866878882,1.00410624230624,-0.24067840409789,0.318229629329791,0.810993463216102,0.999677978673882,0.996575050627149,FALSE,FALSE,TRUE,TRUE
"Mogibacterium",0.173364490313969,0.0963944047277011,0.488501555351668,0.372943447658234,0.354890354830428,0.258469227259456,0.723661885509138,0.797165976173719,0.999677978673882,0.996575050627149,FALSE,FALSE,TRUE,TRUE
"Monoglobus",-0.435933626745038,0.496712928091964,0.631799190944542,0.569013348035335,-0.68998763055286,0.872937216335948,0.495738499869411,0.393424639051777,0.999677978673882,0.98248584951608,FALSE,FALSE,TRUE,TRUE
"Negativibacillus",0.199023097253619,1.74152009560512,1.01788179355876,1.38846966678189,0.195526728656563,1.25427305851161,0.84779003191128,0.230280802536282,0.999677978673882,0.945800593178484,FALSE,FALSE,TRUE,TRUE
"Neglectibacter",-0.11867646848438,0.692241302115528,1.08980329876163,1.05014066963461,-0.108897145585111,0.659189118307728,0.914679213809648,0.52422790949047,0.999677978673882,0.995778213934827,FALSE,FALSE,TRUE,TRUE
"Neobittarella",0.304210177219164,0.2524214892496,0.751152994535478,0.509334080496497,0.404990966463884,0.495591202150739,0.689167090357547,0.627594545635156,0.999677978673882,0.996575050627149,FALSE,FALSE,FALSE,TRUE
"Nitrosopumilus",0.0842899538492344,0.417596669152558,0.4225391660481,0.470083274034593,0.199484357006657,0.888346155285303,0.842487934428133,0.380515107901196,0.999677978673882,0.98248584951608,FALSE,FALSE,TRUE,TRUE
"Odoribacter",-0.232608690991258,0.485600904440934,0.415739902670443,0.365296283757641,-0.559505328925925,1.32933436783362,0.577323192079959,0.189172474272581,0.999677978673882,0.943573963194265,FALSE,FALSE,TRUE,TRUE
"Oscillibacter",0.687176059360428,0.0845768680955943,0.548382199409847,0.355374134653831,1.25309694607146,0.237993877010718,0.214268837177818,0.812714947703959,0.999677978673882,0.996575050627149,FALSE,FALSE,TRUE,TRUE
"Oscillospiraceae_unclassified",0.117232326589823,0.51945755374985,0.494812142354375,0.349552062967076,0.236922897712287,1.4860663368443,0.813306197118733,0.141916116328854,0.999677978673882,0.909125563010987,FALSE,FALSE,TRUE,TRUE
"Parabacteroides",-0.134760357746094,0.10910304756426,0.441051726190043,0.396414978387468,-0.305543204444976,0.275224331855642,0.760664685972771,0.784127142220787,0.999677978673882,0.996575050627149,FALSE,FALSE,TRUE,TRUE
"Paraprevotella",0.076045584461532,0.545491548353528,0.668077687902816,0.652231893031808,0.113827457253136,0.83634602076554,0.910547050951232,0.419303248898552,0.999677978673882,0.98248584951608,FALSE,FALSE,TRUE,TRUE
"Parasutterella",-0.330524928777355,-0.75725014733083,0.752113183812993,0.48833173060162,-0.439461687271177,-1.55068798498493,0.662184000011013,0.130210860828991,0.999677978673882,0.909125563010987,FALSE,FALSE,TRUE,TRUE
"Phascolarctobacterium",-0.0211849029456119,0.134217908526907,0.461616896070436,0.368235480153055,-0.0458928239541287,0.364489343805545,0.963602885178622,0.717820409945511,0.999677978673882,0.996575050627149,FALSE,FALSE,TRUE,TRUE
"Phocaeicola",-0.331611079613085,0.170578954955504,0.448521175208738,0.39038371627396,-0.739343197026887,0.436952023981956,0.461561562773793,0.663684571759372,0.999677978673882,0.996575050627149,FALSE,FALSE,TRUE,TRUE
"Phocea",-0.131136762875988,0.578807431241313,0.528584634084051,0.607228399223412,-0.248090380272264,0.953195588318256,0.804835117498725,0.346848391382273,0.999677978673882,0.960898506496076,FALSE,FALSE,TRUE,TRUE
"Prevotella",2.08942480891851,-0.96484262932917,1.5568698801427,0.938181405812238,1.3420677190614,-1.02841798329381,0.192305550351882,0.320019103434731,0.999677978673882,0.945800593178484,FALSE,FALSE,TRUE,TRUE
"Propionibacterium",-2.0896555729125,1.17492794948564,1.27408734927591,1.47915186580856,-1.64011955232119,0.79432543516644,0.118064727866642,0.440580827851799,0.999677978673882,0.98248584951608,FALSE,FALSE,TRUE,TRUE
"Pseudoflavonifractor",0.0707305634660879,0.708058739724514,0.628109751908623,0.60810261993558,0.112608605822725,1.16437376934755,0.910601412382572,0.250060957629428,0.999677978673882,0.945800593178484,FALSE,FALSE,TRUE,TRUE
"Pseudoruminococcus",-0.364277215321003,-0.243892859736335,1.03761088998365,0.852614975931173,-0.351073045625747,-0.286052751384023,0.729961864821946,0.78144069087417,0.999677978673882,0.996575050627149,FALSE,FALSE,TRUE,TRUE
"Raoultibacter",0.311147900413741,0.0582672819234429,0.979588795518563,0.696066674368936,0.317631134448643,0.0837093400230214,0.753944058076476,0.934679374427006,0.999677978673882,0.997692873954341,FALSE,FALSE,TRUE,TRUE
"Rheinheimera",-0.0465345711275172,0.0467301799940165,0.429468417759579,0.391930771731934,-0.10835388401847,0.119230699308239,0.914048052582204,0.905682605758163,0.999677978673882,0.997692873954341,FALSE,FALSE,TRUE,TRUE
"Romboutsia",0.104609378602351,1.06338607359484,0.568226765607853,0.603198913269411,0.184097942817682,1.76291112301771,0.854307060894968,0.0834517803423494,0.999677978673882,0.821341206527334,FALSE,FALSE,TRUE,TRUE
"Roseburia",0.298341316895662,-0.00970741927192219,0.443706251495588,0.426781583788158,0.672384749797983,-0.0227456376766732,0.502725302346169,0.981920118542143,0.999677978673882,0.997692873954341,FALSE,FALSE,TRUE,TRUE
"Rothia",0.313762634054107,0.00553665766860694,0.808560572580066,0.855405917012492,0.388050870515377,0.00647255011742698,0.700914885518552,0.994932006278055,0.999677978673882,0.997692873954341,FALSE,FALSE,TRUE,TRUE
"Ruminococcus",0.844632904315993,0.408955579742256,0.581413064975759,0.464720318935985,1.45272432835889,0.880003656131483,0.150035330814826,0.382339928681749,0.999677978673882,0.98248584951608,FALSE,FALSE,FALSE,TRUE
"Ruthenibacterium",-0.0020861377642854,0.10735101644121,0.383084618856255,0.366622719164853,-0.00544563175236273,0.292810594732781,0.995664141027289,0.770550175222882,0.999677978673882,0.996575050627149,FALSE,FALSE,TRUE,TRUE
"Sanguibacter",-0.304841689152272,0.046693643809685,0.379141260219382,0.335800314828762,-0.804031956257891,0.139051816653287,0.426741778884583,0.890611448505228,0.999677978673882,0.997692873954341,FALSE,FALSE,TRUE,TRUE
"Sellimonas",0.702860393499931,-0.459605753930095,1.05484942053857,0.676639214379161,0.666313484953213,-0.679247883012217,0.510182188037419,0.507390466625905,0.999677978673882,0.995669240084206,FALSE,FALSE,FALSE,TRUE
"Senegalimassilia",0.279240788646588,-0.0722760854327547,0.502567503375977,0.363058538012604,0.555628421596699,-0.199075570095105,0.584390032063788,0.844565195777231,0.999677978673882,0.997692873954341,FALSE,FALSE,TRUE,TRUE
"Slackia",-0.580815826082523,0.391406511877541,0.707341022051659,0.478915515320386,-0.821125606992018,0.817276741630927,0.421520899956107,0.425773346116766,0.999677978673882,0.98248584951608,FALSE,FALSE,TRUE,TRUE
"Solibaculum",0.0410128628300087,-0.360250231893256,0.506934574159257,0.62865368403575,0.0809036607890237,-0.573050378994946,0.935848119111782,0.569231170663377,0.999677978673882,0.996575050627149,FALSE,FALSE,TRUE,TRUE
"Solobacterium",-0.767390512537199,1.28032073228687,0.918943414794833,1.18032006202949,-0.83507917917724,1.08472335044906,0.413537913715369,0.290947251724488,0.999677978673882,0.945800593178484,FALSE,FALSE,TRUE,TRUE
"Staphylococcus",-0.342423589550391,-0.158170179814506,0.972202505293188,0.965210344952058,-0.352214263680719,-0.163871202418953,0.727160532378056,0.8728644587712,0.999677978673882,0.997692873954341,FALSE,FALSE,TRUE,TRUE
"Streptococcus",0.0263790528027053,0.120614211246604,0.530107703764708,0.600608426751463,0.0497616854374443,0.200820044931729,0.960390310303253,0.841484395316911,0.999677978673882,0.997692873954341,FALSE,FALSE,TRUE,TRUE
"Sutterella",0.841745900212624,-1.36954936612142,0.614542051380481,0.666259876728815,1.36971245225898,-2.05557833205505,0.175074227901812,0.0462443301453298,0.999677978673882,0.809285391544321,FALSE,FALSE,TRUE,FALSE
"Turicibacter",-0.700679108652891,-0.623346761396655,0.688486122550213,0.81860197764281,-1.01770985021094,-0.761477223878204,0.311977313772684,0.450828787715629,0.999677978673882,0.98248584951608,FALSE,FALSE,TRUE,TRUE
"Veillonella",-0.930321046703531,0.600085968448216,0.727324556636083,0.731011919951102,-1.27910028365647,0.820897651694046,0.205257471505303,0.417300890457218,0.999677978673882,0.98248584951608,FALSE,FALSE,TRUE,TRUE
"Vescimonas",-0.83447620581581,-0.291979383231625,0.534154633575735,0.356509820118382,-1.56223713764245,-0.818993942816696,0.123676157378893,0.416931711818283,0.999677978673882,0.98248584951608,FALSE,FALSE,TRUE,TRUE
"Victivallis",0.115741061208268,1.59892265096285,1.15614062818329,1.45770437864904,0.100109846835967,1.09687716822576,0.921485807849894,0.321767464994208,0.999677978673882,0.945800593178484,FALSE,FALSE,TRUE,TRUE
"Waltera",1.22170175181128,0.269212031969539,0.626726127313047,0.557137955974569,1.94933911092723,0.483205333764457,0.0546265851412765,0.630832928289479,0.999677978673882,0.996575050627149,FALSE,FALSE,FALSE,TRUE
"Other",0.110777845709851,-0.0855462802335815,0.449045260334329,0.351942003681019,0.246696392313267,-0.24306925385103,0.805714120600842,0.808687263770113,0.999677978673882,0.996575050627149,FALSE,FALSE,TRUE,TRUE
