"feature"	"metadata"	"value"	"name"	"coef"	"stderr"	"pval_individual"	"qval_individual"	"pval_joint"	"qval_joint"	"error"	"model"	"N"	"N_not_zero"
"Ruminococcaceae"	"timepoint"	"after"	"timepointafter"	-1.72545286341003	0.250639495612714	4.58616804204008e-09	1.72439918380707e-06	4.58616804204008e-09	9.35578280576176e-07	NA	"abundance"	138	120
"FGB12107"	"timepoint"	"after"	"timepointafter"	1.18175014615374	0.296211979481652	0.000346591412376542	0.0651591855267898	0.000346591412376542	0.0353523240624072	NA	"abundance"	138	70
"FGB12107"	"diet"	"oat"	"dietoat"	-15.9789681133525	4.63856182508022	0.000571459128460122	0.0716228774336687	0.00114259169138474	0.058272176260622	NA	"prevalence"	138	70
"Bifidobacteriaceae"	"timepoint"	"after"	"timepointafter"	-1.03703002928581	0.299833017740363	0.00101584900052227	0.0763918448392746	0.00203066605185268	0.0828511749155891	NA	"abundance"	138	128
"FGB12107"	"diet"	"oat:timepointafter"	"dietoat:timepointafter"	-1.70506034741336	0.468352262694541	0.000921462362287291	0.0763918448392746	0.000921462362287291	0.058272176260622	NA	"abundance"	138	70
"FGB12107"	"diet"	"oat"	"dietoat"	1.44891441996751	0.46998807862383	0.00325999491382567	0.142846849263418	0.00114259169138474	0.058272176260622	NA	"abundance"	138	70
"FGB76763"	"timepoint"	"after"	"timepointafter"	1.21594932789843	0.377498125543324	0.0034192064983265	0.142846849263418	0.00682672202357481	0.174081411601158	NA	"abundance"	138	56
"Firmicutes_unclassified"	"diet"	"oat:timepointafter"	"dietoat:timepointafter"	-1.28804645226361	0.415687271039367	0.0029769499753006	0.142846849263418	0.00594503771944575	0.174081411601158	NA	"abundance"	138	122
"Ruminococcaceae"	"diet"	"oat:timepointafter"	"dietoat:timepointafter"	1.10459429934274	0.360517320147309	0.00331169152828695	0.142846849263418	0.00661241575579538	0.174081411601158	NA	"abundance"	138	120
"FGB76763"	"diet"	"oat:timepointafter"	"dietoat:timepointafter"	-1.6932914827651	0.554015785257218	0.00513015735456188	0.192893916531527	0.0102339961946412	0.2110428822895	NA	"abundance"	138	56
"Firmicutes_unclassified"	"timepoint"	"after"	"timepointafter"	0.822496283402348	0.296334799758675	0.00737110998493805	0.251957941303337	0.014687886707466	0.272393535302097	NA	"abundance"	138	122
"FGB3068"	"timepoint"	"after"	"timepointafter"	0.672621371305682	0.243464423949073	0.00810213378774266	0.253866858682603	0.0161386230035709	0.274356591060704	NA	"abundance"	138	100
"Eubacteriales_unclassified"	"timepoint"	"after"	"timepointafter"	0.368198985280592	0.139486889828251	0.0103452393279167	0.277843570521191	0.0103452393279167	0.2110428822895	NA	"abundance"	138	136
"FGB4881"	"diet"	"oat:timepointafter"	"dietoat:timepointafter"	-1.80677302502823	0.665880083060296	0.00977899513696478	0.277843570521191	0.0194623615280408	0.304434037400184	NA	"abundance"	138	87
"FGB4881"	"timepoint"	"after"	"timepointafter"	1.1976702642656	0.462550720722218	0.013454346635381	0.337255622326884	0.026727673827377	0.320732085928524	NA	"abundance"	138	87
"Bifidobacteriaceae"	"diet"	"oat:timepointafter"	"dietoat:timepointafter"	1.1012346019035	0.440544782517706	0.0152086486849164	0.339904548284502	0.0301859943750117	0.327472324851032	NA	"abundance"	138	128
"FGB72924"	"timepoint"	"after"	"timepointafter"	2.16803429940003	0.894555593613546	0.0153680247894589	0.339904548284502	0.0304998733929883	0.327472324851032	NA	"prevalence"	138	56
"FGB10477"	"timepoint"	"after"	"timepointafter"	-1.56620648147345	0.616988731116483	0.0175897021064009	0.367429332889263	0.0348700065926099	0.355674067244621	NA	"abundance"	138	59
"Clostridiaceae"	"timepoint"	"after"	"timepointafter"	0.367920930994974	0.157369754485673	0.02238485569119	0.390705313685355	0.02238485569119	0.304434037400184	NA	"abundance"	138	138
"Clostridiales_unclassified"	"diet"	"oat:timepointafter"	"dietoat:timepointafter"	-0.717771437675762	0.310324889194572	0.0238995271669233	0.390705313685355	0.0238995271669233	0.304718971378272	NA	"abundance"	138	134
"Eubacteriales_unclassified"	"diet"	"oat:timepointafter"	"dietoat:timepointafter"	-0.46429163413407	0.197264251368355	0.0215771390369688	0.390705313685355	0.0215771390369688	0.304434037400184	NA	"abundance"	138	136
"FGB76783"	"diet"	"oat"	"dietoat"	2.40969965555891	1.01800533123864	0.0237013960567776	0.390705313685355	0.0468410359385149	0.429593294021175	NA	"abundance"	138	60
"FGB72924"	"diet"	"oat:timepointafter"	"dietoat:timepointafter"	-2.72912864197679	1.20382845875727	0.0233877126411047	0.390705313685355	0.0462284401796265	0.429593294021175	NA	"prevalence"	138	56
"FGB4806"	"timepoint"	"after"	"timepointafter"	-4.40005287831139	1.44757897313594	0.0293117640036312	0.429354093745036	0.0577643484982579	0.471357083745785	NA	"abundance"	138	18
"FGB72924"	"diet"	"oat:timepointafter"	"dietoat:timepointafter"	-2.33794826283739	0.99743908869314	0.029689378822795	0.429354093745036	0.0462284401796265	0.429593294021175	NA	"abundance"	138	56
"FGB76763"	"diet"	"oat"	"dietoat"	2.45142102257237	1.06530367906423	0.0285701417897882	0.429354093745036	0.0563240305776878	0.471357083745785	NA	"abundance"	138	56
"Bacteroidaceae"	"diet"	"oat"	"dietoat"	0.756276099434137	0.350527885037323	0.0335483779654449	0.450506789821688	0.0659712622667774	0.498449537126763	NA	"abundance"	138	137
"Odoribacteraceae"	"diet"	"oat:timepointafter"	"dietoat:timepointafter"	-0.807276227374884	0.36931641788472	0.0328060189687191	0.450506789821688	0.0645358030568623	0.498449537126763	NA	"abundance"	138	122
"Aeromonadaceae"	"diet"	"oat"	"dietoat"	-4.26056775634809	2.12543961263414	0.0450102813680025	0.58358157911617	0.0879946373071782	0.618996758988426	NA	"prevalence"	138	87
"Eggerthellaceae"	"diet"	"oat"	"dietoat"	0.587507309097864	0.293724146853562	0.048434538051407	0.607046210244301	0.048434538051407	0.429593294021175	NA	"abundance"	138	138
"Bacteroidaceae"	"timepoint"	"after"	"timepointafter"	0.455674865856875	0.228946623398836	0.0513125070687139	0.620194222876226	0.099992040755751	0.67175630891305	NA	"abundance"	138	137
"FGB2982"	"diet"	"oat"	"dietoat"	-5.495127530872	2.83737193770776	0.0527824870532958	0.620194222876226	0.10277898316706	0.67175630891305	NA	"prevalence"	138	58
"Sutterellaceae"	"diet"	"oat:timepointafter"	"dietoat:timepointafter"	1.08482971982815	0.557700068684442	0.056476851617673	0.624567535536619	0.109764068466701	0.67175630891305	NA	"abundance"	138	124
"Akkermansiaceae"	"diet"	"oat"	"dietoat"	-5.92150679911375	3.09279361044544	0.055541713160283	0.624567535536619	0.107998544419787	0.67175630891305	NA	"prevalence"	138	107
"FGB76465"	"diet"	"oat"	"dietoat"	-5.58741962640319	2.96314765753139	0.0593439439597462	0.637523512253273	0.115166184234795	0.67175630891305	NA	"prevalence"	138	59
"FGB76465"	"timepoint"	"after"	"timepointafter"	-0.904483214396417	0.458939223483486	0.0611417737403884	0.638591859066279	0.118545230984656	0.67175630891305	NA	"abundance"	138	59
"Akkermansiaceae"	"timepoint"	"after"	"timepointafter"	-0.866768744778531	0.494276432515632	0.0853883749498444	0.661288788008502	0.150659739737572	0.728223829627472	NA	"abundance"	138	107
"Barnesiellaceae"	"diet"	"oat"	"dietoat"	0.894948689298796	0.502125079551605	0.0787304755260242	0.661288788008502	0.151262463275495	0.728223829627472	NA	"abundance"	138	102
"Coprobacillaceae"	"diet"	"oat"	"dietoat"	2.28851534227425	1.26054119132652	0.0757193643280941	0.661288788008502	0.145705306521938	0.728223829627472	NA	"abundance"	138	56
"Eubacteriaceae"	"diet"	"oat:timepointafter"	"dietoat:timepointafter"	-0.51726333812839	0.29176929057806	0.0814651431581502	0.661288788008502	0.0814651431581502	0.593531757295094	NA	"abundance"	138	135
"FGB1292"	"timepoint"	"after"	"timepointafter"	0.987269304356941	0.545303144141129	0.0847896555042153	0.661288788008502	0.162390025327907	0.728223829627472	NA	"abundance"	138	56
"FGB1670"	"timepoint"	"after"	"timepointafter"	1.04965002849607	0.581179067624759	0.0865381473150247	0.661288788008502	0.165587443689332	0.728223829627472	NA	"abundance"	138	55
"FGB2982"	"diet"	"oat"	"dietoat"	-1.71910022471386	0.925826603874797	0.070111900565444	0.661288788008502	0.10277898316706	0.67175630891305	NA	"abundance"	138	58
"FGB2982"	"timepoint"	"after"	"timepointafter"	-1.00810232136447	0.557716178734618	0.0816773921471596	0.661288788008502	0.156683587906358	0.728223829627472	NA	"abundance"	138	58
"FGB4806"	"diet"	"oat:timepointafter"	"dietoat:timepointafter"	3.62867386391698	1.70648941058776	0.0868875302609067	0.661288788008502	0.166225617606973	0.728223829627472	NA	"abundance"	138	18
"FGB75721"	"diet"	"oat:timepointafter"	"dietoat:timepointafter"	-1.34118274969494	0.756382023352286	0.0867685906535782	0.661288788008502	0.166008392983148	0.728223829627472	NA	"abundance"	138	63
"Akkermansiaceae"	"timepoint"	"after"	"timepointafter"	-4.87426236075456	2.76942651968131	0.0784034178327113	0.661288788008502	0.150659739737572	0.728223829627472	NA	"prevalence"	138	107
"Enterococcaceae"	"diet"	"oat"	"dietoat"	-2.53692113258356	1.4949420073581	0.0896960856075362	0.661288788008502	0.171346783441758	0.728223829627472	NA	"prevalence"	138	105
"FGB1292"	"diet"	"oat:timepointafter"	"dietoat:timepointafter"	-2.23671182706546	1.31357079974505	0.0886107091891744	0.661288788008502	0.16936956059534	0.728223829627472	NA	"prevalence"	138	56
"FGB2992"	"diet"	"oat"	"dietoat"	-6.40511811768919	3.66494077303796	0.0805206628126568	0.661288788008502	0.154557748485524	0.728223829627472	NA	"prevalence"	138	61
"Veillonellaceae"	"diet"	"oat:timepointafter"	"dietoat:timepointafter"	4.66215219364451	2.55528286894659	0.0680742347700804	0.661288788008502	0.131514368100629	0.725106245744008	NA	"prevalence"	138	114
"Desulfovibrionaceae"	"timepoint"	"after"	"timepointafter"	0.414076737324194	0.247063357822646	0.0989623123841258	0.702148973147293	0.188131085495838	0.744504305536331	NA	"abundance"	138	123
"FGB10477"	"diet"	"oat:timepointafter"	"dietoat:timepointafter"	1.67729657951065	0.980158277758529	0.0989731265340599	0.702148973147293	0.188150573292193	0.744504305536331	NA	"abundance"	138	59
"Clostridia_unclassified"	"diet"	"oat:timepointafter"	"dietoat:timepointafter"	-0.579911510334991	0.349728917966513	0.102108246931243	0.710975941595324	0.193790399771114	0.745910217986931	NA	"abundance"	138	137
"Bifidobacteriaceae"	"diet"	"oat"	"dietoat"	-0.82236099455653	0.529405840771492	0.124004132328819	0.715259172747473	0.232631239823014	0.761380293929425	NA	"abundance"	138	128
"Erysipelotrichaceae"	"diet"	"oat"	"dietoat"	0.541681911659667	0.341919120034286	0.116612617461889	0.715259172747473	0.116612617461889	0.67175630891305	NA	"abundance"	138	138
"FGB31455"	"timepoint"	"after"	"timepointafter"	1.63942627833129	0.965850227200944	0.125550812237588	0.715259172747473	0.235338618021658	0.761380293929425	NA	"abundance"	138	24
"FGB38642"	"diet"	"oat"	"dietoat"	1.45574363562172	0.912806378569627	0.115933592985195	0.715259172747473	0.218426587987933	0.761380293929425	NA	"abundance"	138	98
"FGB72924"	"timepoint"	"after"	"timepointafter"	1.09246285775961	0.657798776262183	0.112981101710114	0.715259172747473	0.0304998733929883	0.327472324851032	NA	"abundance"	138	56
"FGB75721"	"timepoint"	"after"	"timepointafter"	0.81821250171542	0.515085058489903	0.122974597588265	0.715259172747473	0.230826443524535	0.761380293929425	NA	"abundance"	138	63
"Prevotellaceae"	"diet"	"oat"	"dietoat"	-2.21232858507634	1.34706084845575	0.110323548226126	0.715259172747473	0.208475811159049	0.761380293929425	NA	"abundance"	138	53
"Selenomonadaceae"	"timepoint"	"after"	"timepointafter"	0.478239246269463	0.30410389478713	0.123218662827632	0.715259172747473	0.231254486786233	0.761380293929425	NA	"abundance"	138	92
"FGB3069"	"diet"	"oat"	"dietoat"	-2.30349998220432	1.43251761201759	0.107833395812203	0.715259172747473	0.204038750372014	0.761380293929425	NA	"prevalence"	138	88
"FGB76783"	"diet"	"oat"	"dietoat"	-3.63056428976776	2.3236734523989	0.118188023443877	0.715259172747473	0.0468410359385149	0.429593294021175	NA	"prevalence"	138	60
"Methanobacteriaceae"	"diet"	"oat"	"dietoat"	-4.93964336575239	3.18119911337612	0.120480134249503	0.715259172747473	0.226444805750227	0.761380293929425	NA	"prevalence"	138	48
"Staphylococcaceae"	"diet"	"oat:timepointafter"	"dietoat:timepointafter"	-1.55263795273207	0.97729615145994	0.112126392392868	0.715259172747473	0.211680456914696	0.761380293929425	NA	"prevalence"	138	83
"Coprobacillaceae"	"diet"	"oat:timepointafter"	"dietoat:timepointafter"	1.61897700744973	1.0765722349379	0.13262624898268	0.744290591305784	0.247662776046143	0.765503125960805	NA	"prevalence"	138	56
"Enterococcaceae"	"timepoint"	"after"	"timepointafter"	-0.787774626817144	0.522675002063411	0.138471533357101	0.755641876456729	0.257768701163936	0.774323226967277	NA	"abundance"	138	105
"FGB10477"	"diet"	"oat"	"dietoat"	-1.87719701356429	1.24052268519128	0.138668323073176	0.755641876456729	0.258107742322426	0.774323226967277	NA	"abundance"	138	59
"FGB1354"	"timepoint"	"after"	"timepointafter"	1.05306095186991	0.684728450680897	0.144013075175822	0.773555946658703	0.267286384530048	0.785667648461846	NA	"abundance"	138	34
"Turicibacteraceae"	"timepoint"	"after"	"timepointafter"	0.904139847311813	0.625360069756944	0.148235882032082	0.785023825972716	0.274497887342334	0.785667648461846	NA	"prevalence"	138	80
"FGB3048"	"timepoint"	"after"	"timepointafter"	0.506878724233486	0.351838887489242	0.157313195787361	0.79043627837718	0.28987895000589	0.785667648461846	NA	"abundance"	138	86
"FGB76783"	"timepoint"	"after"	"timepointafter"	-0.584124861604047	0.395688842031974	0.152080687155742	0.79043627837718	0.281032838905722	0.785667648461846	NA	"abundance"	138	60
"Akkermansiaceae"	"diet"	"oat:timepointafter"	"dietoat:timepointafter"	4.18033114415253	2.95855817222233	0.157666810846512	0.79043627837718	0.290474798450514	0.785667648461846	NA	"prevalence"	138	107
"Staphylococcaceae"	"diet"	"oat"	"dietoat"	1.27083011306032	0.893346201044811	0.154866493086351	0.79043627837718	0.285749355491838	0.785667648461846	NA	"prevalence"	138	83
"Coprobacillaceae"	"timepoint"	"after"	"timepointafter"	-1.41433246208092	0.986452353276417	0.164154469975221	0.807385719237625	0.301362249937596	0.785667648461846	NA	"abundance"	138	56
"Odoribacteraceae"	"timepoint"	"after"	"timepointafter"	0.363822617144192	0.258996755963481	0.165342288248131	0.807385719237625	0.303346504213133	0.785667648461846	NA	"abundance"	138	122
"Atopobiaceae"	"diet"	"oat"	"dietoat"	-2.9448951688213	2.08247856620052	0.174850556480675	0.83659612733047	0.319128395859748	0.799760904757758	NA	"abundance"	138	33
"Lachnospiraceae"	"diet"	"oat"	"dietoat"	0.190268083028541	0.140176299021077	0.17799917602776	0.83659612733047	0.17799917602776	0.741057794074754	NA	"abundance"	138	138
"FGB1292"	"diet"	"oat"	"dietoat"	2.46690539805612	1.82419918502793	0.176272205482832	0.83659612733047	0.321472520539883	0.799760904757758	NA	"prevalence"	138	56
"Bacteroidaceae"	"diet"	"oat:timepointafter"	"dietoat:timepointafter"	-0.40196966705285	0.324271234425062	0.220177119339016	0.865064563869844	0.391876274797605	0.839096001471634	NA	"abundance"	138	137
"Barnesiellaceae"	"timepoint"	"after"	"timepointafter"	0.428298476673793	0.333573055701061	0.205189950879395	0.865064563869844	0.368276985816901	0.839096001471634	NA	"abundance"	138	102
"Clostridia_unclassified"	"diet"	"oat"	"dietoat"	-0.497809951180202	0.407623885640866	0.225052840203932	0.865064563869844	0.399456899524007	0.839096001471634	NA	"abundance"	138	137
"Eggerthellaceae"	"diet"	"oat:timepointafter"	"dietoat:timepointafter"	-0.312055895680335	0.235569531651156	0.189775607293575	0.865064563869844	0.189775607293575	0.744504305536331	NA	"abundance"	138	138
"FGB1354"	"diet"	"oat:timepointafter"	"dietoat:timepointafter"	-1.42458457496752	1.04852962524802	0.194256439097204	0.865064563869844	0.350777314063682	0.839096001471634	NA	"abundance"	138	34
"FGB14936"	"timepoint"	"after"	"timepointafter"	-1.01911542424636	0.796285161713067	0.226694368363919	0.865064563869844	0.401998400079922	0.839096001471634	NA	"abundance"	138	27
"FGB2982"	"diet"	"oat:timepointafter"	"dietoat:timepointafter"	1.17872619597286	0.921663648844008	0.211845124241396	0.865064563869844	0.378811891817939	0.839096001471634	NA	"abundance"	138	58
"FGB3068"	"diet"	"oat"	"dietoat"	0.420922267432432	0.336578066134318	0.214416554767257	0.865064563869844	0.377940097447134	0.839096001471634	NA	"abundance"	138	100
"FGB3068"	"diet"	"oat:timepointafter"	"dietoat:timepointafter"	-0.485802084748046	0.394951448478011	0.22468053913726	0.865064563869844	0.398879733607511	0.839096001471634	NA	"abundance"	138	100
"FGB3069"	"diet"	"oat"	"dietoat"	-0.910815618929742	0.709208071525773	0.203528169989055	0.865064563869844	0.204038750372014	0.761380293929425	NA	"abundance"	138	88
"Lactobacillaceae"	"timepoint"	"after"	"timepointafter"	0.539169161192961	0.44368444983426	0.229051821063592	0.865064563869844	0.405638905394636	0.839096001471634	NA	"abundance"	138	131
"Methanobacteriaceae"	"diet"	"oat"	"dietoat"	1.23952641199343	0.940897846527533	0.195328893554226	0.865064563869844	0.226444805750227	0.761380293929425	NA	"abundance"	138	48
"Oscillospiraceae"	"diet"	"oat"	"dietoat"	-0.158860094246809	0.129873787784746	0.224244907493611	0.865064563869844	0.224244907493611	0.761380293929425	NA	"abundance"	138	138
"Turicibacteraceae"	"diet"	"oat"	"dietoat"	1.07723857448933	0.886124169501262	0.227889976144857	0.865064563869844	0.40384611106241	0.839096001471634	NA	"abundance"	138	80
"Acidaminococcaceae"	"diet"	"oat"	"dietoat"	3.48320287780077	2.78018549212095	0.210254084404053	0.865064563869844	0.376301388799519	0.839096001471634	NA	"prevalence"	138	72
"Atopobiaceae"	"timepoint"	"after"	"timepointafter"	-2.02370543028689	1.68359750412685	0.229358642465056	0.865064563869844	0.406111898056698	0.839096001471634	NA	"prevalence"	138	33
"FGB3068"	"diet"	"oat"	"dietoat"	-2.95156250710432	2.36121231094986	0.211292257833825	0.865064563869844	0.377940097447134	0.839096001471634	NA	"prevalence"	138	100
"FGB76783"	"diet"	"oat:timepointafter"	"dietoat:timepointafter"	1.5811621779558	1.31125157695535	0.227878431265354	0.865064563869844	0.403828283094749	0.839096001471634	NA	"prevalence"	138	60
"FGB76783"	"timepoint"	"after"	"timepointafter"	-1.17604373780723	0.934339178417678	0.208142186595132	0.865064563869844	0.281032838905722	0.785667648461846	NA	"prevalence"	138	60
"Peptostreptococcaceae"	"diet"	"oat:timepointafter"	"dietoat:timepointafter"	-4.76213484696761	3.96785837611833	0.230070362731341	0.865064563869844	0.407208353655352	0.839096001471634	NA	"prevalence"	138	130
"Clostridiales_unclassified"	"diet"	"oat"	"dietoat"	0.438174863470979	0.369594555751986	0.238864405938643	0.887109105823204	0.238864405938643	0.761380293929425	NA	"abundance"	138	134
"FGB76352"	"diet"	"oat:timepointafter"	"dietoat:timepointafter"	-2.09444104074975	1.78499618444247	0.240651938281827	0.887109105823204	0.423390521164853	0.8637166631763	NA	"prevalence"	138	47
"Eubacteriaceae"	"diet"	"oat"	"dietoat"	0.546976474077914	0.465868173321434	0.244159430514386	0.891300445372903	0.244159430514386	0.765503125960805	NA	"abundance"	138	135
"Desulfovibrionaceae"	"diet"	"oat:timepointafter"	"dietoat:timepointafter"	-0.417020943861965	0.358796226277164	0.24976203009337	0.894385936334352	0.437142988510378	0.874285977020756	NA	"abundance"	138	123
"Peptostreptococcaceae"	"diet"	"oat:timepointafter"	"dietoat:timepointafter"	-0.679304170303907	0.582680711280756	0.248311035079019	0.894385936334352	0.407208353655352	0.839096001471634	NA	"abundance"	138	130
"Sanguibacteraceae"	"diet"	"oat"	"dietoat"	0.444456177426543	0.388343073733528	0.260802075375726	0.907977595752526	0.453586428231165	0.875029736746114	NA	"abundance"	138	49
"FGB10477"	"diet"	"oat"	"dietoat"	-2.79160194091816	2.47000211385589	0.25839101287912	0.907977595752526	0.258107742322426	0.774323226967277	NA	"prevalence"	138	59
"FGB1249"	"timepoint"	"after"	"timepointafter"	-0.922715224957972	0.81823938711517	0.259453521143405	0.907977595752526	0.451590912653098	0.875029736746114	NA	"prevalence"	138	97
"FGB1670"	"diet"	"oat:timepointafter"	"dietoat:timepointafter"	-1.00913221937142	0.885428554757318	0.267938106915871	0.915861165457887	0.464085384694082	0.875029736746114	NA	"abundance"	138	55
"Sanguibacteraceae"	"timepoint"	"after"	"timepointafter"	-0.303674770468195	0.267300130291609	0.26768092766448	0.915861165457887	0.463708776293644	0.875029736746114	NA	"abundance"	138	49
"Odoribacteraceae"	"diet"	"oat"	"dietoat"	0.416798848628752	0.381472096308734	0.277418911267202	0.931636924335084	0.477876570205725	0.877164929073862	NA	"abundance"	138	122
"FGB13104"	"diet"	"oat"	"dietoat"	-1.86823436405152	1.72292200847298	0.278213789685888	0.931636924335084	0.479024666600393	0.877164929073862	NA	"prevalence"	138	40
"FGB38642"	"timepoint"	"after"	"timepointafter"	-1.37417381340451	1.27197167953381	0.279986628856023	0.931636924335084	0.481580745373885	0.877164929073862	NA	"prevalence"	138	98
"Eubacteriaceae"	"timepoint"	"after"	"timepointafter"	0.219975076798637	0.204622654142949	0.286768461003609	0.937608185542234	0.286768461003609	0.785667648461846	NA	"abundance"	138	135
"Coprobacillaceae"	"timepoint"	"after"	"timepointafter"	-0.793302018797119	0.741889745891292	0.284934927440428	0.937608185542234	0.301362249937596	0.785667648461846	NA	"prevalence"	138	56
"Eubacteriales_unclassified"	"diet"	"oat"	"dietoat"	0.267212695869921	0.252724639407135	0.293224407717141	0.950451528462458	0.293224407717141	0.785667648461846	NA	"abundance"	138	136
"Eggerthellaceae"	"timepoint"	"after"	"timepointafter"	0.171197734351247	0.165361358551583	0.304253648178852	0.954404916140271	0.304253648178852	0.785667648461846	NA	"abundance"	138	138
"Enterococcaceae"	"diet"	"oat:timepointafter"	"dietoat:timepointafter"	0.806745489557038	0.805681260113115	0.321727895129688	0.954404916140271	0.539946951754797	0.919379501129894	NA	"abundance"	138	105
"Eubacteriales_Family_XIII_Incertae_Sedis"	"timepoint"	"after"	"timepointafter"	-0.19838848822235	0.189617520984188	0.299767395676204	0.954404916140271	0.509674299841914	0.91204874708553	NA	"abundance"	138	136
"FGB1249"	"diet"	"oat:timepointafter"	"dietoat:timepointafter"	-0.518851851410831	0.517763608907907	0.32236549029206	0.954404916140271	0.540811471252879	0.919379501129894	NA	"abundance"	138	97
"FGB1249"	"timepoint"	"after"	"timepointafter"	0.343442246109471	0.340823885246573	0.319840048202383	0.954404916140271	0.451590912653098	0.875029736746114	NA	"abundance"	138	97
"FGB76783"	"diet"	"oat:timepointafter"	"dietoat:timepointafter"	0.64076725645874	0.605563202782559	0.299949623487797	0.954404916140271	0.403828283094749	0.839096001471634	NA	"abundance"	138	60
"Oscillospiraceae"	"timepoint"	"after"	"timepointafter"	-0.0793130026977021	0.0788209223045765	0.317919014437853	0.954404916140271	0.317919014437853	0.799760904757758	NA	"abundance"	138	138
"Ruminococcaceae"	"diet"	"oat"	"dietoat"	-0.395089150377794	0.385877965453815	0.308701385977202	0.954404916140271	0.522106226250158	0.919379501129894	NA	"abundance"	138	120
"FGB1249"	"diet"	"oat"	"dietoat"	-1.20473615400299	1.19906765602498	0.315028120414016	0.954404916140271	0.530813524176444	0.919379501129894	NA	"prevalence"	138	97
"FGB13104"	"timepoint"	"after"	"timepointafter"	-1.16738563196993	1.15306439008864	0.311337204139901	0.954404916140271	0.525743553598152	0.919379501129894	NA	"prevalence"	138	40
"Peptostreptococcaceae"	"timepoint"	"after"	"timepointafter"	3.37711148044557	3.41081030564483	0.322115471598293	0.954404916140271	0.540472566153596	0.919379501129894	NA	"prevalence"	138	130
"Barnesiellaceae"	"diet"	"oat:timepointafter"	"dietoat:timepointafter"	-0.466553415602332	0.476437620595892	0.332264815324665	0.973946626930442	0.554129723146596	0.934235235718227	NA	"abundance"	138	102
"Lactobacillaceae"	"diet"	"oat"	"dietoat"	-0.849101201941378	0.878983161991236	0.336736865694036	0.973946626930442	0.560082014670628	0.936530581908264	NA	"abundance"	138	131
"Other"	"diet"	"oat"	"dietoat"	-0.415092629166351	0.427706050325042	0.334868007824599	0.973946626930442	0.334868007824599	0.823049079472509	NA	"abundance"	138	138
"FGB10477"	"diet"	"oat:timepointafter"	"dietoat:timepointafter"	-1.25334813933533	1.32593692048052	0.344528846583597	0.988876689430783	0.188150573292193	0.744504305536331	NA	"prevalence"	138	59
"FGB3529"	"diet"	"oat"	"dietoat"	-2.6853785062772	2.86387835668772	0.34841300468192	0.992449164851529	0.575434387532356	0.954378984200005	NA	"prevalence"	138	58
"Akkermansiaceae"	"diet"	"oat:timepointafter"	"dietoat:timepointafter"	0.697537381168486	0.778521276187877	0.37440533727747	0.993004087804342	0.290474798450514	0.785667648461846	NA	"abundance"	138	107
"Clostridiaceae"	"diet"	"oat:timepointafter"	"dietoat:timepointafter"	-0.201315099653163	0.224184898364169	0.372408242530208	0.993004087804342	0.372408242530208	0.839096001471634	NA	"abundance"	138	138
"Clostridiales_unclassified"	"timepoint"	"after"	"timepointafter"	0.198216740092171	0.221064326865025	0.373216063224837	0.993004087804342	0.607141896600628	0.958749603705403	NA	"abundance"	138	134
"Enterobacteriaceae"	"diet"	"oat"	"dietoat"	0.900149801981817	1.01053707016856	0.375615271471786	0.993004087804342	0.610143710780749	0.958749603705403	NA	"abundance"	138	93
"FGB1473"	"diet"	"oat"	"dietoat"	0.364801303315641	0.407411181846161	0.384142025326131	0.993004087804342	0.6207189550306	0.958749603705403	NA	"abundance"	138	22
"FGB14936"	"diet"	"oat"	"dietoat"	-1.33530534658126	1.43804355668369	0.364882027834722	0.993004087804342	0.596625161432665	0.958749603705403	NA	"abundance"	138	27
"FGB4405"	"timepoint"	"after"	"timepointafter"	-0.832979871054402	0.927582358786093	0.385509421816574	0.993004087804342	0.622401329323799	0.958749603705403	NA	"abundance"	138	17
"FGB76185"	"timepoint"	"after"	"timepointafter"	0.703776048896572	0.773444273901889	0.376366342768764	0.993004087804342	0.611081061568393	0.958749603705403	NA	"abundance"	138	36
"Tannerellaceae"	"timepoint"	"after"	"timepointafter"	0.26848139653667	0.295216013987438	0.366881474001782	0.993004087804342	0.599160932037844	0.958749603705403	NA	"abundance"	138	120
"Aeromonadaceae"	"timepoint"	"after"	"timepointafter"	-0.78995995239178	0.915528708075004	0.3882223428384	0.993004087804342	0.625728098197863	0.958749603705403	NA	"prevalence"	138	87
"Desulfovibrionaceae"	"timepoint"	"after"	"timepointafter"	3.0602415484286	3.28325657904498	0.351297739789818	0.993004087804342	0.188131085495838	0.744504305536331	NA	"prevalence"	138	123
"FGB1670"	"diet"	"oat"	"dietoat"	-2.03769846343368	2.3118138709349	0.37808597722241	0.993004087804342	0.613222948272595	0.958749603705403	NA	"prevalence"	138	55
"FGB4806"	"timepoint"	"after"	"timepointafter"	-2.50788365680625	2.76475157835045	0.36435822128279	0.993004087804342	0.0577643484982579	0.471357083745785	NA	"prevalence"	138	18
"FGB4881"	"diet"	"oat:timepointafter"	"dietoat:timepointafter"	-1.04019237136514	1.20491339156005	0.387976813972453	0.993004087804342	0.0194623615280408	0.304434037400184	NA	"prevalence"	138	87
"Turicibacteraceae"	"diet"	"oat"	"dietoat"	0.644981559041167	0.733801890803374	0.379423667044851	0.993004087804342	0.40384611106241	0.839096001471634	NA	"prevalence"	138	80
"Acidaminococcaceae"	"diet"	"oat"	"dietoat"	0.303316463208749	0.526874121625124	0.567779274551189	1	0.376301388799519	0.839096001471634	NA	"abundance"	138	72
"Acidaminococcaceae"	"diet"	"oat:timepointafter"	"dietoat:timepointafter"	-0.242020896357993	0.37522520561229	0.523254856949334	1	0.7727140685776	0.974472182708461	NA	"abundance"	138	72
"Acidaminococcaceae"	"timepoint"	"after"	"timepointafter"	0.193247672953429	0.279676355540139	0.494275930633053	1	0.744243165662935	0.974472182708461	NA	"abundance"	138	72
"Aeromonadaceae"	"diet"	"oat"	"dietoat"	-0.239565584235182	0.754523024036646	0.752009218081256	1	0.0879946373071782	0.618996758988426	NA	"abundance"	138	87
"Aeromonadaceae"	"diet"	"oat:timepointafter"	"dietoat:timepointafter"	0.080369856388384	0.645464208828391	0.901609507387907	1	0.935530476823763	0.993206804155751	NA	"abundance"	138	87
"Aeromonadaceae"	"timepoint"	"after"	"timepointafter"	-0.0871228787837635	0.408678173137044	0.832408336451809	1	0.625728098197863	0.958749603705403	NA	"abundance"	138	87
"Akkermansiaceae"	"diet"	"oat"	"dietoat"	0.0775181974207479	0.839924706572797	0.926702994106338	1	0.107998544419787	0.67175630891305	NA	"abundance"	138	107
"Atopobiaceae"	"diet"	"oat:timepointafter"	"dietoat:timepointafter"	0.619435645918831	0.724284834438298	0.409171970861724	1	0.65092223998458	0.958749603705403	NA	"abundance"	138	33
"Atopobiaceae"	"timepoint"	"after"	"timepointafter"	0.052818432524209	0.547804023175182	0.924783205944167	1	0.406111898056698	0.839096001471634	NA	"abundance"	138	33
"Clostridia_unclassified"	"timepoint"	"after"	"timepointafter"	0.201677105851573	0.246973385106212	0.417134446079744	1	0.660267746053233	0.958749603705403	NA	"abundance"	138	137
"Clostridiaceae"	"diet"	"oat"	"dietoat"	0.0875527665601264	0.196516482112694	0.656747830544416	1	0.656747830544416	0.958749603705403	NA	"abundance"	138	138
"Coprobacillaceae"	"diet"	"oat:timepointafter"	"dietoat:timepointafter"	0.458494069443299	1.35408430176002	0.737891415399744	1	0.247662776046143	0.765503125960805	NA	"abundance"	138	56
"Coriobacteriaceae"	"diet"	"oat"	"dietoat"	-0.289462196919899	0.476210852423428	0.545166595395673	1	0.793126574056037	0.976175885077949	NA	"abundance"	138	137
"Coriobacteriaceae"	"diet"	"oat:timepointafter"	"dietoat:timepointafter"	-0.210421192144963	0.261228147354708	0.423607035142152	1	0.667771150062379	0.958749603705403	NA	"abundance"	138	137
"Coriobacteriaceae"	"timepoint"	"after"	"timepointafter"	0.0651426680187423	0.182081761591752	0.721736802950232	1	0.922569593167642	0.985362287990571	NA	"abundance"	138	137
"Desulfovibrionaceae"	"diet"	"oat"	"dietoat"	0.013696554717036	0.440007405249294	0.975241685258574	1	0.999387025851165	0.999750386161121	NA	"abundance"	138	123
"Enterobacteriaceae"	"diet"	"oat:timepointafter"	"dietoat:timepointafter"	0.0410072686740721	1.0708973170404	0.96964608520837	1	0.979954398718735	0.999750386161121	NA	"abundance"	138	93
"Enterobacteriaceae"	"timepoint"	"after"	"timepointafter"	-0.632600565362672	0.764542265645119	0.412863914189539	1	0.655271216739171	0.958749603705403	NA	"abundance"	138	93
"Enterococcaceae"	"diet"	"oat"	"dietoat"	-0.233862565026831	0.929026770564297	0.801932689578885	1	0.171346783441758	0.728223829627472	NA	"abundance"	138	105
"Erysipelotrichaceae"	"diet"	"oat:timepointafter"	"dietoat:timepointafter"	0.201668963342711	0.269786445889633	0.457369347062676	1	0.457369347062676	0.875029736746114	NA	"abundance"	138	138
"Erysipelotrichaceae"	"timepoint"	"after"	"timepointafter"	0.0951177862925589	0.189380404581255	0.617132949458774	1	0.617132949458774	0.958749603705403	NA	"abundance"	138	138
"Eubacteriales_Family_XIII_Incertae_Sedis"	"diet"	"oat"	"dietoat"	0.12462578287687	0.414451897055939	0.764458487966346	1	0.9445201961089	0.993206804155751	NA	"abundance"	138	136
"Eubacteriales_Family_XIII_Incertae_Sedis"	"diet"	"oat:timepointafter"	"dietoat:timepointafter"	0.0216859840667828	0.270177499307973	0.936301205555839	1	0.995942463586361	0.999750386161121	NA	"abundance"	138	136
"FGB1227"	"diet"	"oat"	"dietoat"	-0.499174160130178	0.656435397454669	0.44923315684235	1	0.696655884478156	0.973409592010574	NA	"abundance"	138	109
"FGB1227"	"diet"	"oat:timepointafter"	"dietoat:timepointafter"	-0.526316774841398	0.618068850628323	0.39842925305999	1	0.638112636426038	0.958749603705403	NA	"abundance"	138	109
"FGB1227"	"timepoint"	"after"	"timepointafter"	0.194097784552168	0.410556845806541	0.638381313592274	1	0.729370268568423	0.974472182708461	NA	"abundance"	138	109
"FGB1249"	"diet"	"oat"	"dietoat"	-0.331570793896597	0.758198383682235	0.663437494920205	1	0.530813524176444	0.919379501129894	NA	"abundance"	138	97
"FGB1292"	"diet"	"oat"	"dietoat"	-0.260158822244138	0.905421002761423	0.77548455273978	1	0.321472520539883	0.799760904757758	NA	"abundance"	138	56
"FGB1292"	"diet"	"oat:timepointafter"	"dietoat:timepointafter"	-0.366325124309268	0.753593742996219	0.6319397927311	1	0.16936956059534	0.728223829627472	NA	"abundance"	138	56
"FGB13104"	"diet"	"oat"	"dietoat"	-0.0162812442624162	1.20002418032197	0.989260237591472	1	0.479024666600393	0.877164929073862	NA	"abundance"	138	40
"FGB13104"	"diet"	"oat:timepointafter"	"dietoat:timepointafter"	0.539474301314044	1.33770352840615	0.691811325832072	1	0.757587607331021	0.974472182708461	NA	"abundance"	138	40
"FGB13104"	"timepoint"	"after"	"timepointafter"	-0.00501690244405394	0.784867978518012	0.99497854661932	1	0.525743553598152	0.919379501129894	NA	"abundance"	138	40
"FGB1354"	"diet"	"oat"	"dietoat"	0.712152477677988	1.13011128874203	0.534596095532925	1	0.783399205706802	0.974472182708461	NA	"abundance"	138	34
"FGB1473"	"diet"	"oat:timepointafter"	"dietoat:timepointafter"	-0.291517909604037	0.450506429206951	0.533728521804037	1	0.782590908620951	0.974472182708461	NA	"abundance"	138	22
"FGB1473"	"timepoint"	"after"	"timepointafter"	0.0536139192101478	0.303731372610132	0.863795599221912	1	0.981448361208682	0.999750386161121	NA	"abundance"	138	22
"FGB14936"	"diet"	"oat:timepointafter"	"dietoat:timepointafter"	0.687707452572475	1.44840059693638	0.644389080063812	1	0.873540873622138	0.976175885077949	NA	"abundance"	138	27
"FGB1670"	"diet"	"oat"	"dietoat"	0.212326259716899	0.734180401448104	0.773788960777277	1	0.613222948272595	0.958749603705403	NA	"abundance"	138	55
"FGB2992"	"diet"	"oat"	"dietoat"	-0.672064852868021	1.03650302152985	0.520654641369415	1	0.154557748485524	0.728223829627472	NA	"abundance"	138	61
"FGB2992"	"diet"	"oat:timepointafter"	"dietoat:timepointafter"	-0.472061882126999	0.65745980312872	0.47889303642667	1	0.728447532515384	0.974472182708461	NA	"abundance"	138	61
"FGB2992"	"timepoint"	"after"	"timepointafter"	-0.166864820773267	0.355927486803862	0.643125963133587	1	0.87264092181067	0.976175885077949	NA	"abundance"	138	61
"FGB3048"	"diet"	"oat"	"dietoat"	0.114014480027835	0.513667228955437	0.82500177438834	1	0.81088789562455	0.976175885077949	NA	"abundance"	138	86
"FGB3048"	"diet"	"oat:timepointafter"	"dietoat:timepointafter"	-0.419143035416407	0.522795415159935	0.427343622392669	1	0.67206467318565	0.958749603705403	NA	"abundance"	138	86
"FGB3069"	"diet"	"oat:timepointafter"	"dietoat:timepointafter"	0.013273867238414	0.665962352824155	0.984200827905264	1	0.999750386161121	0.999750386161121	NA	"abundance"	138	88
"FGB3069"	"timepoint"	"after"	"timepointafter"	-0.223626725814069	0.42872478608183	0.604986047616134	1	0.843963977422077	0.976175885077949	NA	"abundance"	138	88
"FGB31455"	"diet"	"oat"	"dietoat"	0.389378611008796	1.3208913339582	0.771652025070331	1	0.941990849434673	0.993206804155751	NA	"abundance"	138	24
"FGB31455"	"diet"	"oat:timepointafter"	"dietoat:timepointafter"	-0.871149039614763	1.5890307216881	0.597168585670438	1	0.837726851629244	0.976175885077949	NA	"abundance"	138	24
"FGB3529"	"diet"	"oat"	"dietoat"	0.0327852669138443	0.629514034899737	0.958699725716387	1	0.575434387532356	0.954378984200005	NA	"abundance"	138	58
"FGB3529"	"diet"	"oat:timepointafter"	"dietoat:timepointafter"	-0.025905273755578	0.646464385529964	0.968330384086639	1	0.9989970354279	0.999750386161121	NA	"abundance"	138	58
"FGB3529"	"timepoint"	"after"	"timepointafter"	-0.291604897023404	0.432829926895009	0.506218259445756	1	0.756179592695222	0.974472182708461	NA	"abundance"	138	58
"FGB38642"	"diet"	"oat:timepointafter"	"dietoat:timepointafter"	-0.292452606708225	0.747553053802184	0.697734643780227	1	0.908635654429334	0.976175885077949	NA	"abundance"	138	98
"FGB38642"	"timepoint"	"after"	"timepointafter"	-0.0364824706182938	0.503708743594317	0.942622002439136	1	0.481580745373885	0.877164929073862	NA	"abundance"	138	98
"FGB4405"	"diet"	"oat"	"dietoat"	-0.496346974607862	1.11870641681683	0.664569225132587	1	0.887486195271847	0.976175885077949	NA	"abundance"	138	17
"FGB4405"	"diet"	"oat:timepointafter"	"dietoat:timepointafter"	0.460731610891385	1.55717343000551	0.771997454750711	1	0.866793100824142	0.976175885077949	NA	"abundance"	138	17
"FGB4806"	"diet"	"oat"	"dietoat"	-0.729682594000762	2.06089992297855	0.730557292769791	1	0.829136468036672	0.976175885077949	NA	"abundance"	138	18
"FGB4881"	"diet"	"oat"	"dietoat"	0.494636640038432	0.697679577281519	0.480877226351386	1	0.73051154587937	0.974472182708461	NA	"abundance"	138	87
"FGB72924"	"diet"	"oat"	"dietoat"	0.93519044362597	1.21189887617002	0.444341276062132	1	0.69124338251174	0.972507931257896	NA	"abundance"	138	56
"FGB75721"	"diet"	"oat"	"dietoat"	0.301138953816279	0.805001367109142	0.710079176693093	1	0.837347008920705	0.976175885077949	NA	"abundance"	138	63
"FGB76185"	"diet"	"oat"	"dietoat"	-0.345054135280583	1.36266029909587	0.802456599226543	1	0.960976604810857	0.995122981631548	NA	"abundance"	138	36
"FGB76185"	"diet"	"oat:timepointafter"	"dietoat:timepointafter"	-0.103360870598426	1.09381538189186	0.925888678288158	1	0.994507511994124	0.999750386161121	NA	"abundance"	138	36
"FGB76352"	"diet"	"oat"	"dietoat"	-1.06550488536851	1.35398349496603	0.436279489132773	1	0.682219185627592	0.966477179639089	NA	"abundance"	138	47
"FGB76352"	"diet"	"oat:timepointafter"	"dietoat:timepointafter"	1.04115214851916	1.48646215570457	0.491198342207439	1	0.423390521164853	0.8637166631763	NA	"abundance"	138	47
"FGB76352"	"timepoint"	"after"	"timepointafter"	0.582401487069089	1.00931675580453	0.570064745698127	1	0.815155677108384	0.976175885077949	NA	"abundance"	138	47
"FGB76465"	"diet"	"oat"	"dietoat"	-0.479112462887759	0.92784540372426	0.608847511435639	1	0.115166184234795	0.67175630891305	NA	"abundance"	138	59
"FGB76465"	"diet"	"oat:timepointafter"	"dietoat:timepointafter"	0.470354213128977	0.738124826980785	0.530600260770712	1	0.779663884811476	0.974472182708461	NA	"abundance"	138	59
"Firmicutes_unclassified"	"diet"	"oat"	"dietoat"	-0.375393006366947	0.539166818449259	0.488318256315711	1	0.738181793180205	0.974472182708461	NA	"abundance"	138	122
"Lachnospiraceae"	"diet"	"oat:timepointafter"	"dietoat:timepointafter"	0.034926361829539	0.112434949809589	0.757041551721628	1	0.757041551721628	0.974472182708461	NA	"abundance"	138	138
"Lachnospiraceae"	"timepoint"	"after"	"timepointafter"	0.0179742290884891	0.0789253003937928	0.820544082875946	1	0.820544082875946	0.976175885077949	NA	"abundance"	138	138
"Lactobacillaceae"	"diet"	"oat:timepointafter"	"dietoat:timepointafter"	-0.258428705315755	0.637097287328416	0.686449494766691	1	0.867376590706522	0.976175885077949	NA	"abundance"	138	131
"Methanobacteriaceae"	"diet"	"oat:timepointafter"	"dietoat:timepointafter"	-0.571138125438611	1.07787262569749	0.601505654973222	1	0.841202256981679	0.976175885077949	NA	"abundance"	138	48
"Methanobacteriaceae"	"timepoint"	"after"	"timepointafter"	0.294604820786501	0.622310050598576	0.640587897640973	1	0.870822940677864	0.976175885077949	NA	"abundance"	138	48
"Oscillospiraceae"	"diet"	"oat:timepointafter"	"dietoat:timepointafter"	-0.082752935316306	0.112286255472491	0.463706358875405	1	0.463706358875405	0.875029736746114	NA	"abundance"	138	138
"Other"	"diet"	"oat:timepointafter"	"dietoat:timepointafter"	-0.0924918404374418	0.216003584453321	0.669881907879313	1	0.669881907879313	0.958749603705403	NA	"abundance"	138	138
"Other"	"timepoint"	"after"	"timepointafter"	0.0391783963503256	0.15162676568083	0.796900291080298	1	0.796900291080298	0.976175885077949	NA	"abundance"	138	138
"Peptostreptococcaceae"	"diet"	"oat"	"dietoat"	0.0282519025941266	0.705966099933845	0.968168873210514	1	0.907488015433191	0.976175885077949	NA	"abundance"	138	130
"Peptostreptococcaceae"	"timepoint"	"after"	"timepointafter"	0.293728849809565	0.40327768976967	0.469267022725103	1	0.540472566153596	0.919379501129894	NA	"abundance"	138	130
"Prevotellaceae"	"diet"	"oat:timepointafter"	"dietoat:timepointafter"	0.529269535198847	0.820187984118379	0.525309867307961	1	0.774669277924814	0.974472182708461	NA	"abundance"	138	53
"Prevotellaceae"	"timepoint"	"after"	"timepointafter"	-0.22242902185022	0.535329264168799	0.681910005497268	1	0.898818755397252	0.976175885077949	NA	"abundance"	138	53
"Pseudomonadaceae"	"diet"	"oat"	"dietoat"	-0.0429134105693484	1.01622182755994	0.966666666504184	1	0.900633286296621	0.976175885077949	NA	"abundance"	138	42
"Pseudomonadaceae"	"diet"	"oat:timepointafter"	"dietoat:timepointafter"	0.51670484587948	0.713920776042916	0.479087642986694	1	0.728650316310842	0.974472182708461	NA	"abundance"	138	42
"Pseudomonadaceae"	"timepoint"	"after"	"timepointafter"	-0.122996354432956	0.476121626088954	0.799195908341347	1	0.959677716773143	0.995122981631548	NA	"abundance"	138	42
"Rikenellaceae"	"diet"	"oat"	"dietoat"	-0.218778415943785	0.314137641524045	0.488070343784287	1	0.488070343784287	0.881118142761014	NA	"abundance"	138	136
"Rikenellaceae"	"diet"	"oat:timepointafter"	"dietoat:timepointafter"	-0.161247286848543	0.220671066376807	0.467540398555522	1	0.467540398555522	0.875029736746114	NA	"abundance"	138	136
"Rikenellaceae"	"timepoint"	"after"	"timepointafter"	0.123428564584437	0.156038007446707	0.431768059923854	1	0.431768059923854	0.872085982420458	NA	"abundance"	138	136
"Sanguibacteraceae"	"diet"	"oat:timepointafter"	"dietoat:timepointafter"	0.0173935912033985	0.339277085511817	0.959563038890536	1	0.864432505579783	0.976175885077949	NA	"abundance"	138	49
"Selenomonadaceae"	"diet"	"oat"	"dietoat"	0.49361754518201	0.748353130501526	0.512354689004141	1	0.762202050663752	0.974472182708461	NA	"abundance"	138	92
"Selenomonadaceae"	"diet"	"oat:timepointafter"	"dietoat:timepointafter"	-0.122965770791746	0.456051422676604	0.788746816550526	1	0.646804998472228	0.958749603705403	NA	"abundance"	138	92
"Staphylococcaceae"	"diet"	"oat"	"dietoat"	0.383500303948381	1.27365338656933	0.764331041854944	1	0.285749355491838	0.785667648461846	NA	"abundance"	138	83
"Staphylococcaceae"	"diet"	"oat:timepointafter"	"dietoat:timepointafter"	0.196302771533249	1.03734499902198	0.850996180250246	1	0.211680456914696	0.761380293929425	NA	"abundance"	138	83
"Staphylococcaceae"	"timepoint"	"after"	"timepointafter"	0.307515781616213	0.759580869820878	0.687969558555028	1	0.771534780340849	0.974472182708461	NA	"abundance"	138	83
"Streptococcaceae"	"diet"	"oat"	"dietoat"	0.0808684268344107	0.53620010556479	0.880355748199502	1	0.880355748199502	0.976175885077949	NA	"abundance"	138	138
"Streptococcaceae"	"diet"	"oat:timepointafter"	"dietoat:timepointafter"	-0.0774974610867231	0.67683023070419	0.909183422376521	1	0.909183422376521	0.976175885077949	NA	"abundance"	138	138
"Streptococcaceae"	"timepoint"	"after"	"timepointafter"	0.403739209735155	0.475110536042349	0.398474079194502	1	0.398474079194502	0.839096001471634	NA	"abundance"	138	138
"Sutterellaceae"	"diet"	"oat"	"dietoat"	-0.347760374746151	0.543382103909466	0.523684872785154	1	0.773123899586305	0.974472182708461	NA	"abundance"	138	124
"Sutterellaceae"	"timepoint"	"after"	"timepointafter"	-0.272398024621543	0.379603937138165	0.475857424164651	1	0.725274560196686	0.974472182708461	NA	"abundance"	138	124
"Tannerellaceae"	"diet"	"oat"	"dietoat"	0.23259683639704	0.436505805964667	0.595465354847802	1	0.836351720871585	0.976175885077949	NA	"abundance"	138	120
"Tannerellaceae"	"diet"	"oat:timepointafter"	"dietoat:timepointafter"	-0.176936640608903	0.410709445011759	0.668205299743742	1	0.88991227688186	0.976175885077949	NA	"abundance"	138	120
"Turicibacteraceae"	"diet"	"oat:timepointafter"	"dietoat:timepointafter"	0.75498905059145	1.10171731938493	0.497258349490246	1	0.655471788197784	0.958749603705403	NA	"abundance"	138	80
"Turicibacteraceae"	"timepoint"	"after"	"timepointafter"	0.553017937466581	0.794457370242578	0.490394318308142	1	0.274497887342334	0.785667648461846	NA	"abundance"	138	80
"Veillonellaceae"	"diet"	"oat"	"dietoat"	0.143426319090682	1.12845783597068	0.899253609655502	1	0.80514725919396	0.976175885077949	NA	"abundance"	138	114
"Veillonellaceae"	"diet"	"oat:timepointafter"	"dietoat:timepointafter"	0.392076323990127	0.516095064842504	0.450971769572951	1	0.131514368100629	0.725106245744008	NA	"abundance"	138	114
"Veillonellaceae"	"timepoint"	"after"	"timepointafter"	0.100501676631119	0.3614154991269	0.782088706481094	1	0.952514668156917	0.995122981631548	NA	"abundance"	138	114
"Acidaminococcaceae"	"diet"	"oat:timepointafter"	"dietoat:timepointafter"	-2.12486928850822e-06	1.34424094578115	0.999998738767477	1	0.7727140685776	0.974472182708461	NA	"prevalence"	138	72
"Acidaminococcaceae"	"timepoint"	"after"	"timepointafter"	5.84482743775643e-07	0.951902176067425	0.999999510086468	1	0.744243165662935	0.974472182708461	NA	"prevalence"	138	72
"Aeromonadaceae"	"diet"	"oat:timepointafter"	"dietoat:timepointafter"	0.407944767689382	1.25987701996886	0.746091506293631	1	0.935530476823763	0.993206804155751	NA	"prevalence"	138	87
"Atopobiaceae"	"diet"	"oat"	"dietoat"	0.338903117872226	1.53442184830239	0.82519600955339	1	0.319128395859748	0.799760904757758	NA	"prevalence"	138	33
"Atopobiaceae"	"diet"	"oat:timepointafter"	"dietoat:timepointafter"	1.34009557105136	2.02640044429845	0.508408247847246	1	0.65092223998458	0.958749603705403	NA	"prevalence"	138	33
"Bacteroidaceae"	"diet"	"oat"	"dietoat"	2.02770447339341e-08	4.63470697754461	0.99999999650922	1	0.0659712622667774	0.498449537126763	NA	"prevalence"	138	137
"Bacteroidaceae"	"diet"	"oat:timepointafter"	"dietoat:timepointafter"	2.68629509577548	6.96969424007375	0.699922489596271	1	0.391876274797605	0.839096001471634	NA	"prevalence"	138	137
"Bacteroidaceae"	"timepoint"	"after"	"timepointafter"	-1.83825477673645	3.50958835947763	0.600431053039417	1	0.099992040755751	0.67175630891305	NA	"prevalence"	138	137
"Barnesiellaceae"	"diet"	"oat"	"dietoat"	-0.0528942203268514	1.83203882456913	0.976966853215919	1	0.151262463275495	0.728223829627472	NA	"prevalence"	138	102
"Barnesiellaceae"	"diet"	"oat:timepointafter"	"dietoat:timepointafter"	-3.82462183442413e-06	2.09687212839348	0.999998544686311	1	0.554129723146596	0.934235235718227	NA	"prevalence"	138	102
"Barnesiellaceae"	"timepoint"	"after"	"timepointafter"	5.45102503457821e-06	1.48188326636571	0.999997065026096	1	0.368276985816901	0.839096001471634	NA	"prevalence"	138	102
"Bifidobacteriaceae"	"diet"	"oat"	"dietoat"	-1.67531893328833	3.1349130764248	0.593060100379606	1	0.232631239823014	0.761380293929425	NA	"prevalence"	138	128
"Bifidobacteriaceae"	"diet"	"oat:timepointafter"	"dietoat:timepointafter"	-1.36290723545688e-05	3.89640484090248	0.999997209112797	1	0.0301859943750117	0.327472324851032	NA	"prevalence"	138	128
"Bifidobacteriaceae"	"timepoint"	"after"	"timepointafter"	1.27068413624368e-05	3.56648073615403	0.999997157255768	1	0.00203066605185268	0.0828511749155891	NA	"prevalence"	138	128
"Clostridia_unclassified"	"diet"	"oat"	"dietoat"	2.02770447339341e-08	4.63470697754461	0.99999999650922	1	0.399456899524007	0.839096001471634	NA	"prevalence"	138	137
"Clostridia_unclassified"	"diet"	"oat:timepointafter"	"dietoat:timepointafter"	2.68629509577548	6.96969424007375	0.699922489596271	1	0.193790399771114	0.745910217986931	NA	"prevalence"	138	137
"Clostridia_unclassified"	"timepoint"	"after"	"timepointafter"	-1.83825477673645	3.50958835947763	0.600431053039417	1	0.660267746053233	0.958749603705403	NA	"prevalence"	138	137
"Clostridiales_unclassified"	"timepoint"	"after"	"timepointafter"	0.000555850220142563	0.235771515269791	0.998118925021892	1	0.607141896600628	0.958749603705403	NA	"prevalence"	138	134
"Coprobacillaceae"	"diet"	"oat"	"dietoat"	-0.41358633666069	1.08616596855382	0.703369193414001	1	0.145705306521938	0.728223829627472	NA	"prevalence"	138	56
"Coriobacteriaceae"	"diet"	"oat"	"dietoat"	0	2.34711106568164	1	1	0.793126574056037	0.976175885077949	NA	"prevalence"	138	137
"Coriobacteriaceae"	"diet"	"oat:timepointafter"	"dietoat:timepointafter"	-1.33944854704739	3.00000771946144	0.655249328553844	1	0.667771150062379	0.958749603705403	NA	"prevalence"	138	137
"Coriobacteriaceae"	"timepoint"	"after"	"timepointafter"	1.81023241204889e-13	2.33002337005098	0.999999999999938	1	0.922569593167642	0.985362287990571	NA	"prevalence"	138	137
"Desulfovibrionaceae"	"diet"	"oat"	"dietoat"	-0.0669185365258309	2.20471298621382	0.97578593209703	1	0.999387025851165	0.999750386161121	NA	"prevalence"	138	123
"Desulfovibrionaceae"	"diet"	"oat:timepointafter"	"dietoat:timepointafter"	-3.06045537688182	3.78635312625509	0.418926088596506	1	0.437142988510378	0.874285977020756	NA	"prevalence"	138	123
"Enterobacteriaceae"	"diet"	"oat"	"dietoat"	0.255780846788546	0.604912162533588	0.672412257094314	1	0.610143710780749	0.958749603705403	NA	"prevalence"	138	93
"Enterobacteriaceae"	"diet"	"oat:timepointafter"	"dietoat:timepointafter"	-0.142420049491271	0.798368022013374	0.858417510682764	1	0.979954398718735	0.999750386161121	NA	"prevalence"	138	93
"Enterobacteriaceae"	"timepoint"	"after"	"timepointafter"	0.306915750627181	0.556382872294172	0.581204012824366	1	0.655271216739171	0.958749603705403	NA	"prevalence"	138	93
"Enterococcaceae"	"diet"	"oat:timepointafter"	"dietoat:timepointafter"	-0.353605457884791	1.33528565626274	0.791150950073432	1	0.539946951754797	0.919379501129894	NA	"prevalence"	138	105
"Enterococcaceae"	"timepoint"	"after"	"timepointafter"	-8.50227500750453e-06	1.03412695879818	0.999993440037606	1	0.257768701163936	0.774323226967277	NA	"prevalence"	138	105
"Eubacteriales_Family_XIII_Incertae_Sedis"	"diet"	"oat"	"dietoat"	-0.019653654653608	1.43516881157686	0.989073858512632	1	0.9445201961089	0.993206804155751	NA	"prevalence"	138	136
"Eubacteriales_Family_XIII_Incertae_Sedis"	"diet"	"oat:timepointafter"	"dietoat:timepointafter"	0.087622880581452	137.367134573517	0.999491050468039	1	0.995942463586361	0.999750386161121	NA	"prevalence"	138	136
"Eubacteriales_Family_XIII_Incertae_Sedis"	"timepoint"	"after"	"timepointafter"	9.18768687705904	95.3584479250255	0.923243430863971	1	0.509674299841914	0.91204874708553	NA	"prevalence"	138	136
"FGB10477"	"timepoint"	"after"	"timepointafter"	0.426847666177154	0.930004496738721	0.646253005169558	1	0.0348700065926099	0.355674067244621	NA	"prevalence"	138	59
"FGB1227"	"diet"	"oat"	"dietoat"	-1.07086052020245	2.12659264348217	0.61457274614703	1	0.696655884478156	0.973409592010574	NA	"prevalence"	138	109
"FGB1227"	"diet"	"oat:timepointafter"	"dietoat:timepointafter"	-0.33489477366217	1.98635729016112	0.866113286553091	1	0.638112636426038	0.958749603705403	NA	"prevalence"	138	109
"FGB1227"	"timepoint"	"after"	"timepointafter"	-1.08876740224013	1.54072788828492	0.479779151290938	1	0.729370268568423	0.974472182708461	NA	"prevalence"	138	109
"FGB1249"	"diet"	"oat:timepointafter"	"dietoat:timepointafter"	-0.16484044545513	1.09737839889748	0.880596609994706	1	0.540811471252879	0.919379501129894	NA	"prevalence"	138	97
"FGB1292"	"timepoint"	"after"	"timepointafter"	0.738470604176569	0.876722867967205	0.399615626133416	1	0.162390025327907	0.728223829627472	NA	"prevalence"	138	56
"FGB13104"	"diet"	"oat:timepointafter"	"dietoat:timepointafter"	1.16737217446216	1.76205142454365	0.507646069713078	1	0.757587607331021	0.974472182708461	NA	"prevalence"	138	40
"FGB1354"	"diet"	"oat"	"dietoat"	-0.678200207321054	1.8015580336974	0.706580859776247	1	0.783399205706802	0.974472182708461	NA	"prevalence"	138	34
"FGB1354"	"diet"	"oat:timepointafter"	"dietoat:timepointafter"	8.42821307512473e-06	2.00738484972082	0.999996649999083	1	0.350777314063682	0.839096001471634	NA	"prevalence"	138	34
"FGB1354"	"timepoint"	"after"	"timepointafter"	-3.63073642204568e-06	1.22731562481607	0.999997639638511	1	0.267286384530048	0.785667648461846	NA	"prevalence"	138	34
"FGB1473"	"diet"	"oat"	"dietoat"	-0.207598142543755	2.17627186314267	0.924003755954273	1	0.6207189550306	0.958749603705403	NA	"prevalence"	138	22
"FGB1473"	"diet"	"oat:timepointafter"	"dietoat:timepointafter"	3.41319355809564e-06	2.63690797625412	0.999998967224314	1	0.782590908620951	0.974472182708461	NA	"prevalence"	138	22
"FGB1473"	"timepoint"	"after"	"timepointafter"	-2.76290376154088e-06	1.78190313304211	0.9999987628518	1	0.981448361208682	0.999750386161121	NA	"prevalence"	138	22
"FGB14936"	"diet"	"oat"	"dietoat"	-0.741612685916458	2.2245889843961	0.738854511707967	1	0.596625161432665	0.958749603705403	NA	"prevalence"	138	27
"FGB14936"	"diet"	"oat:timepointafter"	"dietoat:timepointafter"	-0.905893682818269	2.52647100759269	0.719923612028619	1	0.873540873622138	0.976175885077949	NA	"prevalence"	138	27
"FGB14936"	"timepoint"	"after"	"timepointafter"	0.905650102917076	1.3902664625725	0.514774139202852	1	0.401998400079922	0.839096001471634	NA	"prevalence"	138	27
"FGB1670"	"diet"	"oat:timepointafter"	"dietoat:timepointafter"	-0.408938805714371	1.32021968868816	0.756750640746657	1	0.464085384694082	0.875029736746114	NA	"prevalence"	138	55
"FGB1670"	"timepoint"	"after"	"timepointafter"	-0.431890468803887	0.936050660606767	0.644514184988118	1	0.165587443689332	0.728223829627472	NA	"prevalence"	138	55
"FGB2982"	"diet"	"oat:timepointafter"	"dietoat:timepointafter"	-0.035076254064669	1.3345571443789	0.979031561286884	1	0.378811891817939	0.839096001471634	NA	"prevalence"	138	58
"FGB2982"	"timepoint"	"after"	"timepointafter"	-0.423977939900771	0.926821884403315	0.647345098356742	1	0.156683587906358	0.728223829627472	NA	"prevalence"	138	58
"FGB2992"	"diet"	"oat:timepointafter"	"dietoat:timepointafter"	-0.422912021632767	1.29206942585191	0.743430633170294	1	0.728447532515384	0.974472182708461	NA	"prevalence"	138	61
"FGB2992"	"timepoint"	"after"	"timepointafter"	0.422934223931996	0.92637678457268	0.64799692809289	1	0.87264092181067	0.976175885077949	NA	"prevalence"	138	61
"FGB3048"	"diet"	"oat"	"dietoat"	-1.16611485865762	2.02718383428957	0.565129784446612	1	0.81088789562455	0.976175885077949	NA	"prevalence"	138	86
"FGB3048"	"diet"	"oat:timepointafter"	"dietoat:timepointafter"	-0.0959870130941483	1.57353930714206	0.95135864455067	1	0.67206467318565	0.958749603705403	NA	"prevalence"	138	86
"FGB3048"	"timepoint"	"after"	"timepointafter"	0.65709687558963	1.17022523888023	0.574447759358335	1	0.28987895000589	0.785667648461846	NA	"prevalence"	138	86
"FGB3068"	"diet"	"oat:timepointafter"	"dietoat:timepointafter"	7.37470921914968e-07	2.28634911499447	0.999999742639189	1	0.398879733607511	0.839096001471634	NA	"prevalence"	138	100
"FGB3068"	"timepoint"	"after"	"timepointafter"	-3.69695249706477e-06	2.00010420938808	0.999998525206184	1	0.0161386230035709	0.274356591060704	NA	"prevalence"	138	100
"FGB3069"	"diet"	"oat:timepointafter"	"dietoat:timepointafter"	0.0177127912740874	1.11084007613476	0.987277949253716	1	0.999750386161121	0.999750386161121	NA	"prevalence"	138	88
"FGB3069"	"timepoint"	"after"	"timepointafter"	-0.316453025361496	0.798059630724431	0.69171552270737	1	0.843963977422077	0.976175885077949	NA	"prevalence"	138	88
"FGB31455"	"diet"	"oat"	"dietoat"	-0.533431652831606	1.73983864096008	0.759149111346197	1	0.941990849434673	0.993206804155751	NA	"prevalence"	138	24
"FGB31455"	"diet"	"oat:timepointafter"	"dietoat:timepointafter"	-0.631446184323659	2.54139228413573	0.803774905699941	1	0.837726851629244	0.976175885077949	NA	"prevalence"	138	24
"FGB31455"	"timepoint"	"after"	"timepointafter"	-1.09656819516375	1.55212604717458	0.479880800209994	1	0.235338618021658	0.761380293929425	NA	"prevalence"	138	24
"FGB3529"	"diet"	"oat:timepointafter"	"dietoat:timepointafter"	-6.67188762463714e-08	1.3832737008259	0.999999961515959	1	0.9989970354279	0.999750386161121	NA	"prevalence"	138	58
"FGB3529"	"timepoint"	"after"	"timepointafter"	1.77635248034771e-07	0.993103097283721	0.999999857283275	1	0.756179592695222	0.974472182708461	NA	"prevalence"	138	58
"FGB38642"	"diet"	"oat"	"dietoat"	-1.16575483217945	1.93825178287564	0.547542607362079	1	0.218426587987933	0.761380293929425	NA	"prevalence"	138	98
"FGB38642"	"diet"	"oat:timepointafter"	"dietoat:timepointafter"	0.193738799256236	1.67388781513283	0.907857172255456	1	0.908635654429334	0.976175885077949	NA	"prevalence"	138	98
"FGB4405"	"diet"	"oat"	"dietoat"	0.16981375093284	2.6686937734758	0.949263421500128	1	0.887486195271847	0.976175885077949	NA	"prevalence"	138	17
"FGB4405"	"diet"	"oat:timepointafter"	"dietoat:timepointafter"	-1.43048134667369	3.01365644757424	0.635024796491791	1	0.866793100824142	0.976175885077949	NA	"prevalence"	138	17
"FGB4405"	"timepoint"	"after"	"timepointafter"	1.43062393082604	1.83047949345492	0.434475007916681	1	0.622401329323799	0.958749603705403	NA	"prevalence"	138	17
"FGB4806"	"diet"	"oat"	"dietoat"	0.997338393452838	1.83433288001285	0.586643577570969	1	0.829136468036672	0.976175885077949	NA	"prevalence"	138	18
"FGB4806"	"diet"	"oat:timepointafter"	"dietoat:timepointafter"	1.65539687436046	3.0228741231642	0.58395045742551	1	0.166225617606973	0.728223829627472	NA	"prevalence"	138	18
"FGB4881"	"diet"	"oat"	"dietoat"	0.444218187058148	1.53282408389807	0.771966369132595	1	0.73051154587937	0.974472182708461	NA	"prevalence"	138	87
"FGB4881"	"timepoint"	"after"	"timepointafter"	-4.41985729874592e-07	0.837388068158535	0.999999578864802	1	0.026727673827377	0.320732085928524	NA	"prevalence"	138	87
"FGB72924"	"diet"	"oat"	"dietoat"	0.286810802501885	1.10698951381575	0.795565180407291	1	0.69124338251174	0.972507931257896	NA	"prevalence"	138	56
"FGB75721"	"diet"	"oat"	"dietoat"	-0.918374093960988	1.73554583209374	0.596697395149381	1	0.837347008920705	0.976175885077949	NA	"prevalence"	138	63
"FGB75721"	"diet"	"oat:timepointafter"	"dietoat:timepointafter"	-0.39663072791198	1.24359037091544	0.749772002260722	1	0.166008392983148	0.728223829627472	NA	"prevalence"	138	63
"FGB75721"	"timepoint"	"after"	"timepointafter"	2.00442106424175e-06	0.870117241810121	0.999998161975716	1	0.230826443524535	0.761380293929425	NA	"prevalence"	138	63
"FGB76185"	"diet"	"oat"	"dietoat"	0.0528941993468663	1.83151245437441	0.976960244546968	1	0.960976604810857	0.995122981631548	NA	"prevalence"	138	36
"FGB76185"	"diet"	"oat:timepointafter"	"dietoat:timepointafter"	3.83318938876216e-06	2.0967966256739	0.999998541373734	1	0.994507511994124	0.999750386161121	NA	"prevalence"	138	36
"FGB76185"	"timepoint"	"after"	"timepointafter"	-5.45553036529172e-06	1.48185557712238	0.999997062545422	1	0.611081061568393	0.958749603705403	NA	"prevalence"	138	36
"FGB76352"	"diet"	"oat"	"dietoat"	0.662560931535128	1.69970352492768	0.696677265983438	1	0.682219185627592	0.966477179639089	NA	"prevalence"	138	47
"FGB76352"	"timepoint"	"after"	"timepointafter"	0.666164494464033	1.17660994245894	0.571276347873233	1	0.815155677108384	0.976175885077949	NA	"prevalence"	138	47
"FGB76465"	"diet"	"oat:timepointafter"	"dietoat:timepointafter"	-0.44132082166438	1.364775112177	0.746418656648715	1	0.779663884811476	0.974472182708461	NA	"prevalence"	138	59
"FGB76465"	"timepoint"	"after"	"timepointafter"	0.441299878575417	0.94585972900758	0.640815041141829	1	0.118545230984656	0.67175630891305	NA	"prevalence"	138	59
"FGB76763"	"diet"	"oat"	"dietoat"	-0.52170783173184	1.8709075231126	0.780357779887378	1	0.0563240305776878	0.471357083745785	NA	"prevalence"	138	56
"FGB76763"	"diet"	"oat:timepointafter"	"dietoat:timepointafter"	-1.67716103490902e-08	1.61861191034011	0.99999999173254	1	0.0102339961946412	0.2110428822895	NA	"prevalence"	138	56
"FGB76763"	"timepoint"	"after"	"timepointafter"	7.27877537396873e-09	1.11039960392508	0.999999994769791	1	0.00682672202357481	0.174081411601158	NA	"prevalence"	138	56
"Firmicutes_unclassified"	"diet"	"oat"	"dietoat"	0.581863732519938	2.49597933273589	0.81566790436947	1	0.738181793180205	0.974472182708461	NA	"prevalence"	138	122
"Firmicutes_unclassified"	"diet"	"oat:timepointafter"	"dietoat:timepointafter"	3.45977835600593e-06	3.07737726389301	0.999999102968698	1	0.00594503771944575	0.174081411601158	NA	"prevalence"	138	122
"Firmicutes_unclassified"	"timepoint"	"after"	"timepointafter"	-7.72993365165076e-06	1.89516634568141	0.999996745618277	1	0.014687886707466	0.272393535302097	NA	"prevalence"	138	122
"Lactobacillaceae"	"diet"	"oat"	"dietoat"	-0.409632351915767	0.891980581656457	0.646062481421015	1	0.560082014670628	0.936530581908264	NA	"prevalence"	138	131
"Lactobacillaceae"	"diet"	"oat:timepointafter"	"dietoat:timepointafter"	0.775387747658398	1.63741393726007	0.635825029287461	1	0.867376590706522	0.976175885077949	NA	"prevalence"	138	131
"Lactobacillaceae"	"timepoint"	"after"	"timepointafter"	0.574402217331172	1.10892266232253	0.604470677864784	1	0.405638905394636	0.839096001471634	NA	"prevalence"	138	131
"Methanobacteriaceae"	"diet"	"oat:timepointafter"	"dietoat:timepointafter"	-6.32661981429858e-06	1.63988616077528	0.999996921791041	1	0.841202256981679	0.976175885077949	NA	"prevalence"	138	48
"Methanobacteriaceae"	"timepoint"	"after"	"timepointafter"	2.21890291176897e-06	1.05916389344319	0.99999832846608	1	0.870822940677864	0.976175885077949	NA	"prevalence"	138	48
"Odoribacteraceae"	"diet"	"oat"	"dietoat"	-0.0351517804533419	2.43458274254384	0.988480125177462	1	0.477876570205725	0.877164929073862	NA	"prevalence"	138	122
"Odoribacteraceae"	"diet"	"oat:timepointafter"	"dietoat:timepointafter"	3.02717292128953e-06	2.99859534051185	0.999999194511342	1	0.0645358030568623	0.498449537126763	NA	"prevalence"	138	122
"Odoribacteraceae"	"timepoint"	"after"	"timepointafter"	-6.15119785043572e-06	2.11990980123788	0.999997684832726	1	0.303346504213133	0.785667648461846	NA	"prevalence"	138	122
"Peptostreptococcaceae"	"diet"	"oat"	"dietoat"	0.954125405161223	2.44059788578724	0.695842171616758	1	0.907488015433191	0.976175885077949	NA	"prevalence"	138	130
"Prevotellaceae"	"diet"	"oat"	"dietoat"	-0.529169181986976	1.68954870273304	0.75412758159738	1	0.208475811159049	0.761380293929425	NA	"prevalence"	138	53
"Prevotellaceae"	"diet"	"oat:timepointafter"	"dietoat:timepointafter"	0.355558080352562	1.22057485511424	0.770818989658891	1	0.774669277924814	0.974472182708461	NA	"prevalence"	138	53
"Prevotellaceae"	"timepoint"	"after"	"timepointafter"	4.21285378199972e-07	0.879054281651309	0.999999617615082	1	0.898818755397252	0.976175885077949	NA	"prevalence"	138	53
"Pseudomonadaceae"	"diet"	"oat"	"dietoat"	-0.700967458133626	1.72670916587906	0.684775137872376	1	0.900633286296621	0.976175885077949	NA	"prevalence"	138	42
"Pseudomonadaceae"	"diet"	"oat:timepointafter"	"dietoat:timepointafter"	2.15837643730131e-06	1.80445333144367	0.99999904561941	1	0.728650316310842	0.974472182708461	NA	"prevalence"	138	42
"Pseudomonadaceae"	"timepoint"	"after"	"timepointafter"	-2.23352876479878e-06	1.13825355482679	0.999998434357521	1	0.959677716773143	0.995122981631548	NA	"prevalence"	138	42
"Ruminococcaceae"	"diet"	"oat"	"dietoat"	-0.315066676635524	2.33985934829229	0.892887047636421	1	0.522106226250158	0.919379501129894	NA	"prevalence"	138	120
"Ruminococcaceae"	"diet"	"oat:timepointafter"	"dietoat:timepointafter"	5.10200713335154e-06	2.86734451110093	0.999998580284753	1	0.00661241575579538	0.174081411601158	NA	"prevalence"	138	120
"Sanguibacteraceae"	"diet"	"oat"	"dietoat"	1.25231250842645	1.98217292842019	0.527525601136969	1	0.453586428231165	0.875029736746114	NA	"prevalence"	138	49
"Sanguibacteraceae"	"diet"	"oat:timepointafter"	"dietoat:timepointafter"	0.829474765450185	1.73100169976625	0.631805086373783	1	0.864432505579783	0.976175885077949	NA	"prevalence"	138	49
"Sanguibacteraceae"	"timepoint"	"after"	"timepointafter"	-0.829417865487983	1.32874170395563	0.532487700461655	1	0.463708776293644	0.875029736746114	NA	"prevalence"	138	49
"Selenomonadaceae"	"diet"	"oat"	"dietoat"	-0.37570338922425	1.79702831647535	0.834394167511122	1	0.762202050663752	0.974472182708461	NA	"prevalence"	138	92
"Selenomonadaceae"	"diet"	"oat:timepointafter"	"dietoat:timepointafter"	-1.47746048722626	1.77688687928934	0.405697886990319	1	0.646804998472228	0.958749603705403	NA	"prevalence"	138	92
"Selenomonadaceae"	"timepoint"	"after"	"timepointafter"	0.842093555833858	1.33670342980917	0.528709074837787	1	0.231254486786233	0.761380293929425	NA	"prevalence"	138	92
"Staphylococcaceae"	"timepoint"	"after"	"timepointafter"	0.415691322837588	0.649278993732562	0.522019645111694	1	0.771534780340849	0.974472182708461	NA	"prevalence"	138	83
"Sutterellaceae"	"diet"	"oat"	"dietoat"	1.15405127189223	3.44033712383795	0.737287808069155	1	0.773123899586305	0.974472182708461	NA	"prevalence"	138	124
"Sutterellaceae"	"diet"	"oat:timepointafter"	"dietoat:timepointafter"	-3.09838816140741	3.81776976969962	0.417038298610574	1	0.109764068466701	0.67175630891305	NA	"prevalence"	138	124
"Sutterellaceae"	"timepoint"	"after"	"timepointafter"	-6.10765271153939e-06	2.88851568107703	0.999998312904502	1	0.725274560196686	0.974472182708461	NA	"prevalence"	138	124
"Tannerellaceae"	"diet"	"oat"	"dietoat"	0.832627095369214	2.45150029841965	0.734127794434396	1	0.836351720871585	0.976175885077949	NA	"prevalence"	138	120
"Tannerellaceae"	"diet"	"oat:timepointafter"	"dietoat:timepointafter"	-9.3680841663133e-06	3.01742484119825	0.999997522838144	1	0.88991227688186	0.976175885077949	NA	"prevalence"	138	120
"Tannerellaceae"	"timepoint"	"after"	"timepointafter"	2.10976961811355e-06	1.75967112422212	0.999999043370899	1	0.599160932037844	0.958749603705403	NA	"prevalence"	138	120
"Turicibacteraceae"	"diet"	"oat:timepointafter"	"dietoat:timepointafter"	-0.714457244371298	0.872816940832262	0.413034743956496	1	0.655471788197784	0.958749603705403	NA	"prevalence"	138	80
"Veillonellaceae"	"diet"	"oat"	"dietoat"	-0.945633348687624	1.61659470364668	0.558578726378032	1	0.80514725919396	0.976175885077949	NA	"prevalence"	138	114
"Veillonellaceae"	"timepoint"	"after"	"timepointafter"	-4.70246967496525e-06	1.27838284949516	0.999997065020113	1	0.952514668156917	0.995122981631548	NA	"prevalence"	138	114
"FGB12107"	"diet"	"oat:timepointafter"	"dietoat:timepointafter"	-0.000113435063673586	1.62069767481895	0.999944154861643	1	0.000921462362287291	0.058272176260622	"Prevalence association possibly induced 
by stronger abundance association"	"prevalence"	138	70
"FGB12107"	"timepoint"	"after"	"timepointafter"	7.38943867871122e-05	1.1442328315128	0.999948472733274	1	0.000346591412376542	0.0353523240624072	"Prevalence association possibly induced 
by stronger abundance association"	"prevalence"	138	70
"Ruminococcaceae"	"timepoint"	"after"	"timepointafter"	-1.99468053663663e-06	2.13380913510089	0.999999254139099	1	4.58616804204008e-09	9.35578280576176e-07	"Prevalence association possibly induced 
by stronger abundance association"	"prevalence"	138	120
"Clostridiaceae"	"diet"	"oat"	"dietoat"	NA	NA	NA	NA	0.656747830544416	0.958749603705403	"All logistic values are the same"	"prevalence"	138	138
"Clostridiaceae"	"diet"	"oat:timepointafter"	"dietoat:timepointafter"	NA	NA	NA	NA	0.372408242530208	0.839096001471634	"All logistic values are the same"	"prevalence"	138	138
"Clostridiaceae"	"timepoint"	"after"	"timepointafter"	NA	NA	NA	NA	0.02238485569119	0.304434037400184	"All logistic values are the same"	"prevalence"	138	138
"Clostridiales_unclassified"	"diet"	"oat"	"dietoat"	13.1954725611992	0.142979667298788	0	NA	0.238864405938643	0.761380293929425	"A large coefficient (>15 in absolute value) or small p-value 
                (< 10^-10) was obtained from a feature present in >95% of 
                samples. Check this is intended."	"prevalence"	138	134
"Clostridiales_unclassified"	"diet"	"oat:timepointafter"	"dietoat:timepointafter"	-3.25200614958284	0.238254252706593	2.037991385867e-42	NA	0.0238995271669233	0.304718971378272	"A large coefficient (>15 in absolute value) or small p-value 
                (< 10^-10) was obtained from a feature present in >95% of 
                samples. Check this is intended."	"prevalence"	138	134
"Eggerthellaceae"	"diet"	"oat"	"dietoat"	NA	NA	NA	NA	0.048434538051407	0.429593294021175	"All logistic values are the same"	"prevalence"	138	138
"Eggerthellaceae"	"diet"	"oat:timepointafter"	"dietoat:timepointafter"	NA	NA	NA	NA	0.189775607293575	0.744504305536331	"All logistic values are the same"	"prevalence"	138	138
"Eggerthellaceae"	"timepoint"	"after"	"timepointafter"	NA	NA	NA	NA	0.304253648178852	0.785667648461846	"All logistic values are the same"	"prevalence"	138	138
"Erysipelotrichaceae"	"diet"	"oat"	"dietoat"	NA	NA	NA	NA	0.116612617461889	0.67175630891305	"All logistic values are the same"	"prevalence"	138	138
"Erysipelotrichaceae"	"diet"	"oat:timepointafter"	"dietoat:timepointafter"	NA	NA	NA	NA	0.457369347062676	0.875029736746114	"All logistic values are the same"	"prevalence"	138	138
"Erysipelotrichaceae"	"timepoint"	"after"	"timepointafter"	NA	NA	NA	NA	0.617132949458774	0.958749603705403	"All logistic values are the same"	"prevalence"	138	138
"Eubacteriaceae"	"diet"	"oat"	"dietoat"	NA	NA	NA	NA	0.244159430514386	0.765503125960805	"Downdated VtV is not positive definite"	"prevalence"	138	135
"Eubacteriaceae"	"diet"	"oat:timepointafter"	"dietoat:timepointafter"	NA	NA	NA	NA	0.0814651431581502	0.593531757295094	"Downdated VtV is not positive definite"	"prevalence"	138	135
"Eubacteriaceae"	"timepoint"	"after"	"timepointafter"	NA	NA	NA	NA	0.286768461003609	0.785667648461846	"Downdated VtV is not positive definite"	"prevalence"	138	135
"Eubacteriales_unclassified"	"diet"	"oat"	"dietoat"	NA	NA	NA	NA	0.293224407717141	0.785667648461846	"(maxstephalfit) PIRLS step-halvings failed to reduce deviance in pwrssUpdate"	"prevalence"	138	136
"Eubacteriales_unclassified"	"diet"	"oat:timepointafter"	"dietoat:timepointafter"	NA	NA	NA	NA	0.0215771390369688	0.304434037400184	"(maxstephalfit) PIRLS step-halvings failed to reduce deviance in pwrssUpdate"	"prevalence"	138	136
"Eubacteriales_unclassified"	"timepoint"	"after"	"timepointafter"	NA	NA	NA	NA	0.0103452393279167	0.2110428822895	"(maxstephalfit) PIRLS step-halvings failed to reduce deviance in pwrssUpdate"	"prevalence"	138	136
"Lachnospiraceae"	"diet"	"oat"	"dietoat"	NA	NA	NA	NA	0.17799917602776	0.741057794074754	"All logistic values are the same"	"prevalence"	138	138
"Lachnospiraceae"	"diet"	"oat:timepointafter"	"dietoat:timepointafter"	NA	NA	NA	NA	0.757041551721628	0.974472182708461	"All logistic values are the same"	"prevalence"	138	138
"Lachnospiraceae"	"timepoint"	"after"	"timepointafter"	NA	NA	NA	NA	0.820544082875946	0.976175885077949	"All logistic values are the same"	"prevalence"	138	138
"Oscillospiraceae"	"diet"	"oat"	"dietoat"	NA	NA	NA	NA	0.224244907493611	0.761380293929425	"All logistic values are the same"	"prevalence"	138	138
"Oscillospiraceae"	"diet"	"oat:timepointafter"	"dietoat:timepointafter"	NA	NA	NA	NA	0.463706358875405	0.875029736746114	"All logistic values are the same"	"prevalence"	138	138
"Oscillospiraceae"	"timepoint"	"after"	"timepointafter"	NA	NA	NA	NA	0.317919014437853	0.799760904757758	"All logistic values are the same"	"prevalence"	138	138
"Other"	"diet"	"oat"	"dietoat"	NA	NA	NA	NA	0.334868007824599	0.823049079472509	"All logistic values are the same"	"prevalence"	138	138
"Other"	"diet"	"oat:timepointafter"	"dietoat:timepointafter"	NA	NA	NA	NA	0.669881907879313	0.958749603705403	"All logistic values are the same"	"prevalence"	138	138
"Other"	"timepoint"	"after"	"timepointafter"	NA	NA	NA	NA	0.796900291080298	0.976175885077949	"All logistic values are the same"	"prevalence"	138	138
"Rikenellaceae"	"diet"	"oat"	"dietoat"	NA	NA	NA	NA	0.488070343784287	0.881118142761014	"(maxstephalfit) PIRLS step-halvings failed to reduce deviance in pwrssUpdate"	"prevalence"	138	136
"Rikenellaceae"	"diet"	"oat:timepointafter"	"dietoat:timepointafter"	NA	NA	NA	NA	0.467540398555522	0.875029736746114	"(maxstephalfit) PIRLS step-halvings failed to reduce deviance in pwrssUpdate"	"prevalence"	138	136
"Rikenellaceae"	"timepoint"	"after"	"timepointafter"	NA	NA	NA	NA	0.431768059923854	0.872085982420458	"(maxstephalfit) PIRLS step-halvings failed to reduce deviance in pwrssUpdate"	"prevalence"	138	136
"Streptococcaceae"	"diet"	"oat"	"dietoat"	NA	NA	NA	NA	0.880355748199502	0.976175885077949	"All logistic values are the same"	"prevalence"	138	138
"Streptococcaceae"	"diet"	"oat:timepointafter"	"dietoat:timepointafter"	NA	NA	NA	NA	0.909183422376521	0.976175885077949	"All logistic values are the same"	"prevalence"	138	138
"Streptococcaceae"	"timepoint"	"after"	"timepointafter"	NA	NA	NA	NA	0.398474079194502	0.839096001471634	"All logistic values are the same"	"prevalence"	138	138
